{"CHA": 1075, "HAP": 142, "API": 210, "PIT": 184, "ITR": 348, "TRE": 2027, "REI": 313, "EIC": 24, "ICO": 85, "COM": 931, "OMM": 1347, "MME": 1506, "MEN": 1532, "ENC": 713, "NCE": 812, "CEM": 203, "EME": 1770, "ENT": 3806, "NTD": 732, "TDU": 249, "DUR": 101, "URE": 1055, "REP": 647, "EPO": 754, "POS": 244, "OSC": 24, "SCH": 293, "EII": 21, "IIC": 5, "NTJ": 80, "TJE": 180, "JEA": 416, "EAN": 549, "ANP": 19, "NPE": 177, "PEU": 384, "EUT": 443, "UTD": 195, "TDE": 1487, "DEV": 518, "EVE": 955, "VEN": 618, "ENI": 242, "NIR": 129, "IRC": 73, "RCH": 220, "HAM": 217, "AMP": 140, "MPL": 205, "PLI": 159, "LIV": 98, "IVR": 122, "VRE": 305, "RES": 2091, "ESE": 1581, "SEP": 277, "EPT": 88, "PTI": 72, "TIE": 268, "IEM": 81, "MEL": 282, "ELA": 2106, "LAF": 349, "AFF": 117, "FFA": 99, "FAI": 781, "AIR": 738, "IRE": 1431, "REC": 589, "ECH": 811, "MPM": 45, "PMA": 46, "MAT": 240, "ATH": 98, "THI": 72, "HIE": 114, "IEU": 973, "EUC": 50, "UCH": 245, "EIL": 1192, "ILA": 614, "LAS": 404, "ASO": 317, "SOE": 139, "OEU": 196, "EUR": 1712, "URS": 678, "RSI": 115, "SIM": 116, "IMP": 186, "LIC": 130, "ICE": 291, "CEC": 198, "IIP": 6, "IPE": 54, "PER": 500, "ERS": 670, "RSP": 63, "SPI": 80, "PIC": 12, "ICA": 65, "CAC": 47, "ACI": 66, "CIT": 51, "ITE": 1525, "TED": 548, "EDE": 2349, "DEM": 700, "EMA": 1046, "ATR": 306, "ESC": 747, "SCA": 145, "CAU": 82, "AUF": 87, "UFF": 145, "FFL": 59, "FLA": 86, "LAI": 818, "III": 22, "IIU": 2, "IUN": 64, "UNE": 1606, "NET": 612, "ETE": 1174, "TEM": 533, "EMP": 345, "MPE": 136, "PET": 330, "TES": 971, "ESO": 967, "SOU": 607, "OUS": 1620, "USU": 55, "SUN": 423, "UNC": 188, "NCR": 61, "CRA": 65, "RAN": 757, "ANE": 161, "NEC": 333, "EIV": 10, "IVF": 2, "VFO": 2, "FOR": 278, "ORM": 161, "RME": 344, "MES": 595, "ESQ": 369, "SQU": 1111, "QUE": 3357, "UEP": 133, "EPR": 566, "PRE": 1030, "REN": 780, "END": 865, "NDL": 46, "DLA": 18, "OUF": 91, "FFR": 127, "FRA": 241, "ANC": 510, "CEP": 223, "EPE": 546, "PEN": 369, "NDA": 418, "DAN": 1388, "ANT": 2218, "NTL": 624, "TLE": 1109, "LES": 2693, "SOM": 112, "MEI": 151, "ILC": 93, "LCH": 18, "REV": 384, "EVB": 2, "VBA": 2, "BAT": 105, "ATO": 229, "TON": 270, "ONS": 1410, "NSD": 311, "SDA": 284, "ANS": 1607, "NSL": 726, "SLE": 1057, "ESR": 227, "SRO": 59, "ROU": 482, "OUE": 168, "UES": 534, "EVI": 473, "VIL": 150, "EMI": 471, "MIS": 184, "ISE": 800, "SEA": 162, "EAL": 295, "ALE": 573, "LEP": 637, "REU": 489, "EUV": 75, "UVE": 420, "VEC": 477, "VII": 22, "IIL": 108, "ILE": 858, "LEV": 669, "EVO": 701, "VOY": 206, "OYA": 224, "YAG": 45, "AGE": 413, "GEU": 46, "URA": 339, "RAR": 28, "ARR": 420, "RRI": 296, "RIV": 161, "IVE": 278, "VEP": 23, "NDS": 81, "DSE": 33, "SES": 811, "ESP": 889, "SPR": 269, "ECA": 243, "AUT": 636, "UTI": 177, "TIO": 710, "ION": 981, "NSP": 149, "SPO": 281, "POU": 974, "OUR": 1828, "URR": 157, "RRE": 431, "EPA": 989, "PAR": 1300, "ART": 321, "RTI": 290, "TIR": 155, "IIE": 4, "IEN": 1587, "NTR": 669, "REE": 564, "EED": 138, "DEF": 283, "EFA": 455, "FAV": 66, "AVE": 1034, "VEU": 146, "URC": 200, "EIX": 7, "IXU": 2, "XUN": 20, "UNL": 40, "NLI": 59, "LIE": 335, "EUO": 12, "UOU": 11, "OUD": 109, "UDE": 429, "DES": 1888, "SCO": 328, "CON": 892, "ONV": 216, "NVI": 151, "VIC": 67, "ICT": 44, "CTI": 140, "NSS": 226, "SSO": 429, "SON": 1359, "ONT": 1020, "NTE": 1448, "TEN": 1116, "TRA": 596, "RAI": 907, "AIN": 706, "IND": 329, "NDE": 1008, "SEF": 115, "EFO": 259, "MER": 357, "ERC": 290, "REX": 31, "EXL": 4, "XLE": 39, "ESY": 120, "SYS": 6, "YST": 45, "STE": 592, "MED": 337, "DED": 281, "DEN": 376, "ENE": 944, "NEG": 87, "EGA": 388, "GAT": 33, "ATI": 570, "NSC": 291, "EXI": 60, "XIC": 5, "ICH": 96, "EUD": 134, "DEP": 580, "EPL": 289, "PLU": 560, "LUS": 545, "USE": 605, "SEN": 806, "ENP": 163, "NPL": 52, "SET": 1140, "ETO": 658, "ONN": 991, "NNE": 809, "NEL": 372, "ELI": 352, "REH": 76, "EHU": 50, "HUI": 87, "UIT": 398, "ITI": 386, "MEC": 198, "ECO": 995, "COU": 581, "OUP": 309, "UPC": 8, "PCH": 4, "EID": 21, "IDA": 73, "NSQ": 121, "UEL": 1178, "ELM": 12, "LMI": 7, "MIR": 62, "IRO": 60, "ROI": 421, "OIR": 656, "IRM": 58, "RMM": 16, "MMA": 180, "MAD": 379, "ADE": 668, "DEL": 1590, "ELE": 1807, "LEI": 442, "EIN": 550, "INE": 1161, "NER": 410, "ERE": 1935, "REG": 296, "GAR": 344, "ARD": 660, "RDE": 697, "CHE": 1191, "HEV": 203, "EUX": 926, "UXC": 102, "XCH": 31, "IIF": 3, "IFA": 74, "FAN": 447, "NTI": 746, "TIN": 604, "NEH": 54, "EHE": 100, "HEU": 334, "EUS": 283, "SEC": 325, "IIJ": 3, "IJA": 25, "JAV": 201, "VER": 856, "ERT": 513, "RTC": 26, "TCO": 361, "NTC": 331, "TCH": 119, "IVL": 4, "VLA": 3, "LAU": 243, "UTO": 172, "TOR": 84, "ORI": 79, "RIT": 505, "TER": 706, "ESD": 1069, "SDR": 21, "DRO": 76, "OIT": 258, "ITS": 545, "TSC": 38, "EVT": 6, "VTO": 2, "TOM": 100, "OMB": 241, "MBE": 109, "BEA": 147, "EAU": 788, "AUC": 247, "UCO": 168, "NVE": 187, "ENA": 763, "NAB": 29, "ABL": 395, "BLE": 726, "LEL": 316, "REM": 615, "MIE": 279, "IER": 1031, "ERU": 165, "RUN": 288, "UNJ": 64, "NJU": 25, "JUS": 140, "UST": 206, "TEC": 331, "EIM": 46, "IMO": 76, "MON": 872, "NSI": 569, "SIE": 519, "URM": 195, "RMY": 4, "MYR": 32, "YRI": 33, "RIE": 745, "IEL": 178, "LEN": 594, "ENM": 97, "NMC": 1, "MCH": 6, "HAR": 165, "ARL": 332, "RLE": 850, "ESF": 293, "SFR": 76, "ANO": 81, "NOI": 68, "OIS": 669, "ISB": 34, "SBI": 54, "BIE": 397, "ENV": 206, "ENU": 231, "NUM": 18, "UMY": 4, "LET": 691, "ETA": 1869, "TAI": 1852, "AIT": 5076, "TEV": 123, "VEQ": 310, "EQU": 2060, "UED": 283, "EDI": 546, "DIG": 137, "IGN": 413, "GNE": 434, "ECE": 1296, "CET": 1023, "ITU": 534, "TUN": 768, "UNV": 71, "VIE": 412, "IEI": 156, "ILL": 1182, "LLA": 372, "LAR": 447, "RDD": 33, "DDE": 63, "VIR": 47, "RON": 280, "NSO": 198, "SOI": 212, "OIX": 130, "IXA": 35, "XAN": 38, "TEQ": 128, "QUI": 2055, "UIN": 174, "INZ": 32, "NZE": 37, "ZEA": 9, "SIL": 683, "ILO": 79, "LOC": 41, "OCC": 60, "CCU": 79, "CUP": 32, "UPA": 117, "PAI": 130, "ITL": 742, "ESI": 615, "IEG": 11, "EGE": 87, "GED": 101, "NED": 327, "EPU": 234, "PUI": 309, "UIS": 826, "ISQ": 203, "QUO": 354, "UOI": 133, "OIQ": 50, "IQU": 393, "UEC": 347, "CED": 247, "DET": 470, "AIL": 357, "ILN": 362, "LNE": 215, "TOU": 1485, "OUC": 228, "HEE": 67, "EEN": 443, "NAU": 133, "UCU": 54, "CUN": 191, "NEM": 282, "MAN": 356, "ANI": 101, "NIE": 211, "REA": 490, "UFO": 40, "FON": 205, "OND": 882, "NDM": 24, "DME": 20, "MEM": 487, "DEC": 762, "CEQ": 498, "UEN": 161, "ENO": 442, "NOU": 528, "USA": 293, "SAV": 452, "AVO": 493, "VON": 94, "NSA": 237, "SAR": 183, "ARA": 249, "RAC": 180, "ACO": 307, "ERI": 510, "RIL": 209, "NES": 882, "EST": 1707, "STP": 139, "TPE": 139, "UTE": 825, "TET": 949, "ETR": 909, "PAS": 1140, "ASI": 148, "SIN": 236, "INU": 121, "NUT": 63, "TIL": 750, "NEF": 246, "EFU": 146, "FUT": 184, "UTC": 169, "TCE": 728, "RET": 762, "EEX": 37, "EXA": 36, "XAC": 9, "ACT": 109, "CTE": 160, "NTO": 206, "OUT": 1237, "TDI": 237, "DIN": 147, "NDI": 486, "DIQ": 30, "UER": 170, "RIC": 90, "ICI": 196, "CIL": 76, "ESB": 236, "SBR": 74, "BRU": 137, "RUI": 96, "TSE": 441, "ETL": 440, "PRO": 488, "ROP": 130, "OPO": 33, "OSQ": 13, "UIA": 232, "IAV": 126, "AVA": 1318, "VAI": 1488, "AIE": 647, "URU": 108, "RUS": 48, "SUR": 763, "RSO": 245, "ONC": 386, "NCO": 414, "OMP": 245, "MPT": 47, "PTE": 64, "TEA": 333, "AUM": 137, "UMO": 109, "MOM": 167, "OME": 222, "OUI": 269, "UIL": 1116, "ITA": 835, "TAR": 120, "VED": 29, "EDA": 469, "LED": 515, "DIO": 25, "IOC": 22, "OCE": 69, "CES": 1090, "SEV": 92, "EVR": 77, "VRA": 118, "AIO": 6, "IOU": 34, "UFA": 53, "FAU": 244, "AUX": 387, "XCE": 63, "UON": 233, "DIT": 688, "ITD": 878, "ESH": 133, "SHO": 91, "HOM": 484, "STI": 311, "NTS": 692, "TSO": 301, "OUV": 645, "NTA": 659, "TAU": 359, "UTA": 298, "TAN": 394, "PLA": 226, "LAC": 659, "ACE": 436, "LEU": 473, "URV": 87, "RVI": 97, "IEE": 117, "EET": 1518, "ETS": 387, "TSU": 247, "URT": 154, "RTO": 127, "TDA": 433, "URD": 366, "NEE": 508, "EEQ": 52, "ILS": 680, "LSF": 9, "SFO": 103, "NTM": 153, "TMM": 39, "MMY": 24, "ITF": 178, "TFI": 67, "FIL": 135, "LSD": 27, "SDU": 231, "DUN": 421, "NSE": 618, "SEI": 205, "LLE": 2436, "LER": 533, "ERA": 770, "RAU": 139, "AUP": 123, "LEM": 802, "DAI": 180, "AIX": 11, "IXN": 22, "XNO": 9, "NOB": 15, "OBL": 22, "ESS": 907, "SSE": 1213, "SED": 335, "DER": 429, "ERO": 217, "ROB": 80, "OBE": 46, "BEO": 4, "EON": 222, "ELU": 334, "LUI": 774, "UIQ": 47, "ONP": 201, "REL": 555, "SER": 710, "ERV": 213, "RVA": 84, "VAN": 332, "NTP": 309, "TPO": 257, "URH": 11, "RHE": 4, "HER": 289, "ERD": 342, "ESA": 1200, "SAC": 267, "ACH": 499, "ARG": 161, "RGE": 246, "GEL": 45, "LAV": 707, "ITM": 211, "TMA": 217, "MAR": 259, "ARI": 217, "IED": 194, "ORT": 758, "RTB": 8, "TBO": 58, "BON": 322, "EAD": 73, "ADI": 197, "DIX": 61, "IXH": 21, "XHU": 9, "ITO": 140, "UVI": 47, "VIN": 201, "ING": 129, "NGT": 94, "GTA": 6, "SSU": 199, "SUI": 201, "UIV": 150, "IVA": 121, "NTU": 151, "UNU": 2, "NUS": 36, "SAG": 146, "GEA": 184, "EAS": 105, "ASS": 626, "SEZ": 101, "EZR": 15, "ZRE": 7, "PAN": 43, "AND": 635, "NDU": 205, "DUD": 51, "UDA": 62, "SFA": 162, "FAM": 73, "AMI": 150, "MIL": 161, "SPA": 475, "ESM": 368, "SMY": 17, "ELN": 13, "LNO": 11, "NON": 220, "ONO": 140, "OBS": 70, "BST": 20, "STA": 357, "RIA": 171, "IAG": 8, "EAV": 394, "DIS": 371, "ISA": 598, "SAI": 854, "ONB": 64, "NBE": 19, "UPF": 5, "PFA": 4, "ITP": 721, "TPA": 634, "UII": 60, "ITB": 120, "TBI": 119, "ENF": 397, "NFA": 337, "SAP": 277, "APE": 271, "NEQ": 104, "DAS": 39, "EZP": 74, "ZPE": 4, "ETI": 577, "TIT": 417, "LEE": 511, "EEL": 264, "LEG": 168, "GAN": 31, "NTG": 28, "TGR": 39, "GRA": 334, "CIE": 278, "UXS": 77, "XSP": 2, "PIR": 62, "IRI": 90, "TUE": 103, "ELT": 9, "LTO": 30, "TEL": 625, "LAP": 585, "APR": 351, "AVI": 282, "IEA": 57, "EDO": 250, "DON": 416, "EEA": 98, "DEE": 148, "UXG": 39, "XGA": 13, "GAL": 77, "ALA": 656, "LAN": 446, "IES": 255, "ESL": 505, "SLA": 705, "ARE": 356, "VOL": 179, "OLU": 79, "LUT": 89, "NSU": 242, "INT": 567, "TSS": 47, "ECI": 225, "CIP": 31, "IPI": 15, "SDE": 1499, "CIM": 14, "IME": 282, "MEE": 258, "EES": 487, "HAS": 71, "SEE": 318, "STR": 272, "RAQ": 25, "AQU": 319, "UEE": 180, "ISP": 231, "SPE": 376, "RSE": 249, "TMC": 1, "ELD": 28, "LDE": 141, "RSJ": 17, "SJO": 55, "JOU": 429, "RSD": 130, "ONE": 338, "MIG": 2, "IGR": 25, "RAE": 17, "AEN": 77, "NIT": 91, "TAL": 344, "ALI": 197, "SAF": 84, "AFE": 80, "FEM": 172, "EMM": 260, "MEY": 3, "EYM": 3, "YMO": 4, "MOU": 134, "RUT": 74, "MAL": 234, "LAD": 288, "DIE": 303, "POI": 208, "TRI": 214, "RIN": 83, "ELL": 1441, "TAT": 226, "ATT": 230, "TTE": 1015, "TEI": 185, "ISL": 186, "SLO": 113, "LON": 336, "ONG": 204, "GTE": 39, "MPS": 180, "PSI": 18, "LSN": 16, "SNA": 55, "NAV": 289, "OIN": 386, "TSQ": 41, "SSA": 772, "SAT": 142, "ENS": 560, "LEC": 634, "ECR": 322, "CRO": 159, "OUL": 354, "ULE": 401, "NCI": 92, "ENN": 122, "SOC": 66, "OCI": 52, "IET": 293, "TEF": 180, "EFR": 127, "ANA": 108, "NAI": 578, "AIS": 1549, "SEL": 383, "CHU": 24, "HUT": 19, "OPR": 38, "REF": 244, "RAG": 54, "AGI": 52, "GIQ": 15, "SSP": 17, "PEC": 183, "ECT": 196, "CTA": 42, "TAC": 213, "ACL": 43, "CLE": 130, "EFF": 132, "RAY": 67, "AYA": 65, "YAN": 73, "COR": 226, "ORE": 239, "URL": 761, "SEM": 474, "GRE": 106, "ESV": 192, "SVO": 246, "YAI": 122, "ELO": 247, "LOI": 191, "INA": 239, "ECL": 249, "EGR": 212, "GRO": 97, "ROS": 124, "OSS": 147, "SSI": 493, "SIS": 118, "ISS": 707, "UVA": 222, "EFI": 157, "FIR": 29, "LSG": 4, "SGE": 98, "GER": 221, "ERM": 269, "ENL": 105, "NLU": 66, "UID": 167, "IDE": 572, "SID": 145, "ETD": 501, "SOL": 157, "OLI": 146, "LIT": 205, "TUD": 106, "UMI": 112, "ILI": 133, "UDU": 30, "SDI": 225, "IST": 400, "FFE": 124, "FEC": 27, "UIO": 49, "TSA": 297, "ESU": 514, "SUB": 47, "UBI": 37, "BIT": 89, "UND": 118, "UPS": 28, "PSM": 10, "MYS": 39, "UXE": 148, "XET": 102, "ETT": 966, "ERR": 355, "RIB": 55, "IBL": 185, "IVI": 123, "NEN": 359, "NTQ": 296, "TQU": 1046, "ELQ": 347, "LQU": 409, "UEF": 100, "FOI": 173, "ISR": 46, "SRE": 237, "NLE": 180, "LEF": 242, "RAP": 175, "APP": 402, "PPA": 74, "COE": 41, "RLH": 29, "LHO": 174, "MEQ": 145, "CAT": 122, "ATA": 137, "TAS": 153, "AST": 102, "TRO": 465, "OPH": 31, "PHE": 37, "HES": 157, "SPU": 53, "PUB": 36, "UBL": 154, "BLI": 114, "LIQ": 62, "ESN": 133, "SNE": 140, "NEB": 128, "EBR": 174, "BRA": 136, "ANL": 39, "ASE": 309, "NEX": 50, "XIS": 31, "CEE": 156, "AFO": 100, "RTU": 83, "NUL": 22, "ULN": 5, "LNA": 67, "AUR": 125, "TPU": 105, "PUL": 34, "DIR": 230, "ITC": 384, "STQ": 43, "LOR": 171, "ORS": 150, "RSQ": 63, "ILR": 164, "LRE": 153, "TPR": 208, "NMM": 7, "TCU": 10, "CUR": 140, "RED": 656, "DEB": 223, "BRI": 99, "RIG": 41, "GNO": 48, "NOL": 9, "OLL": 62, "DEJ": 143, "EJA": 266, "ETV": 86, "TVI": 82, "VIV": 85, "TEP": 262, "ROF": 92, "OFO": 65, "RSL": 163, "POQ": 23, "OQU": 71, "EDU": 424, "DUC": 123, "URO": 62, "NEP": 396, "EAF": 55, "ACU": 38, "REO": 103, "TPL": 212, "OPQ": 3, "PQU": 5, "OIL": 189, "LAM": 540, "AME": 514, "NAA": 47, "AAP": 22, "APA": 233, "RIS": 385, "UTR": 338, "SAN": 544, "LAL": 248, "ALL": 445, "LLI": 131, "ERP": 126, "RPO": 57, "ARO": 188, "NSM": 53, "SML": 4, "MLE": 52, "CAR": 157, "RDI": 263, "NAL": 146, "ALF": 14, "LFE": 13, "FES": 23, "HUN": 3, "NJO": 57, "URQ": 134, "RQU": 368, "ITV": 162, "TVE": 111, "NUF": 11, "VIS": 153, "ISI": 388, "SIT": 169, "NCL": 33, "ECU": 253, "REQ": 270, "IAT": 65, "TIC": 88, "AMB": 173, "MBR": 239, "BRE": 379, "VAS": 40, "ASU": 139, "SAM": 143, "AMA": 440, "MAJ": 13, "AJE": 66, "JES": 132, "NAP": 150, "APO": 282, "POL": 90, "OLE": 352, "LEO": 89, "DEA": 88, "CER": 181, "RTA": 236, "URI": 276, "RIO": 63, "IOS": 12, "OSI": 46, "ARC": 192, "RCE": 393, "CEV": 71, "RDS": 41, "URN": 241, "RNA": 112, "NAE": 19, "AET": 137, "TBR": 31, "USQ": 183, "UEM": 191, "STC": 176, "CEB": 21, "EBO": 271, "ONH": 63, "NHO": 112, "UIM": 144, "SIR": 53, "ELV": 6, "LVO": 53, "VOU": 963, "USR": 74, "DEZ": 44, "EZU": 17, "ZUN": 17, "UNB": 89, "NBO": 72, "ETM": 97, "TMO": 146, "MOI": 387, "OIJ": 35, "IJE": 83, "JER": 33, "DEU": 421, "EUN": 595, "UNG": 76, "NGR": 58, "NDH": 11, "DHO": 34, "HAC": 23, "USP": 139, "UTP": 144, "OFI": 21, "FIT": 149, "ERL": 316, "DAA": 16, "AAU": 71, "UCA": 37, "NOM": 190, "OMD": 30, "MDE": 39, "ETQ": 275, "UET": 285, "PSA": 32, "SMM": 11, "ELF": 6, "LFU": 33, "UTT": 60, "TTO": 315, "UTS": 83, "URP": 103, "RPR": 58, "PRI": 459, "ISD": 223, "DAP": 28, "PPR": 57, "NDR": 249, "DRE": 286, "ITN": 58, "TNO": 94, "EEV": 21, "QUY": 5, "UYA": 19, "YAV": 164, "ILD": 201, "AID": 76, "IDU": 19, "ONF": 165, "RLA": 484, "ELP": 15, "LPE": 46, "NNU": 75, "ULA": 167, "AFA": 236, "EMY": 17, "TLA": 737, "ONM": 124, "EVA": 415, "BIR": 4, "IRL": 93, "SOR": 283, "RTD": 87, "UTN": 19, "VEA": 78, "AUV": 234, "NUD": 17, "EOU": 194, "ILY": 305, "LYA": 262, "YAB": 24, "ABE": 59, "UPD": 63, "PDE": 57, "BOU": 288, "UIP": 124, "IPA": 124, "ETF": 80, "TFO": 38, "RTP": 24, "IRQ": 46, "ILF": 248, "ETP": 196, "MAI": 1079, "STO": 239, "UTL": 136, "OSA": 64, "SAU": 321, "UXQ": 99, "XQU": 119, "ELS": 34, "LSO": 65, "NME": 98, "NNO": 102, "OMN": 10, "MNE": 42, "OSD": 28, "DUB": 71, "UBR": 38, "SMO": 203, "MOT": 116, "OTS": 41, "TSD": 143, "ROL": 87, "INS": 494, "PAL": 69, "LAB": 206, "ABR": 103, "ERG": 109, "RGI": 30, "ANG": 310, "NGU": 70, "GUE": 188, "DUM": 105, "MID": 44, "IDI": 160, "NFU": 47, "TAP": 165, "NEU": 263, "EUF": 46, "EPI": 94, "PIS": 27, "ISC": 197, "COP": 15, "OPA": 19, "PAT": 50, "ATE": 387, "CEA": 87, "USC": 143, "SCE": 629, "SRA": 57, "TAG": 77, "GES": 160, "SUJ": 12, "UJE": 49, "JET": 120, "RSA": 236, "ONQ": 101, "NQU": 397, "UPE": 181, "RMO": 123, "SVI": 99, "ESG": 176, "GEN": 415, "NTT": 163, "BES": 65, "UNO": 59, "OUB": 82, "LIP": 10, "IPR": 43, "NDP": 16, "DPE": 3, "TOS": 3, "OSE": 399, "NPA": 172, "RPE": 58, "UTM": 39, "TME": 114, "MEO": 61, "EOS": 6, "NEA": 254, "EAC": 140, "ACC": 179, "CCO": 62, "MPA": 52, "PAG": 40, "AGN": 176, "NEV": 229, "EMO": 666, "LEB": 230, "EBA": 174, "BAP": 35, "APT": 38, "TIS": 96, "UIE": 358, "SAS": 153, "LSA": 95, "TDO": 120, "DOM": 23, "TIQ": 51, "UEU": 119, "UME": 148, "MEA": 151, "EAG": 18, "GEQ": 27, "PPE": 233, "PEL": 219, "EEM": 41, "ADA": 219, "DAM": 219, "MAG": 131, "AGL": 85, "GLO": 99, "LAQ": 126, "LEA": 358, "EAP": 132, "VOI": 636, "EML": 23, "NAN": 219, "DOU": 228, "EFE": 266, "TFE": 49, "EIG": 146, "RMA": 212, "MIN": 237, "INC": 192, "UCE": 119, "LIS": 139, "TLI": 75, "LID": 36, "ALD": 41, "UEX": 4, "EXP": 74, "XPR": 54, "RIM": 76, "OTR": 109, "TAB": 171, "LSE": 338, "EMB": 248, "MBL": 215, "LEQ": 198, "TNE": 106, "QUU": 169, "UUN": 210, "RAB": 97, "ITJ": 138, "TJA": 108, "JAM": 101, "TEJ": 80, "EJO": 103, "JOL": 25, "IEQ": 40, "UVR": 253, "FIN": 159, "INI": 179, "NIP": 23, "ARM": 162, "MET": 219, "TTR": 228, "RTE": 607, "EBL": 63, "BLA": 251, "NCH": 237, "CLA": 211, "TEE": 415, "ITG": 67, "TGA": 26, "GAG": 65, "NPO": 116, "RRA": 163, "ABO": 163, "AIG": 50, "RDA": 299, "SAJ": 34, "JEU": 80, "ATU": 96, "TUR": 216, "LAT": 374, "ETC": 234, "DIA": 60, "IAP": 30, "APH": 17, "PHA": 13, "HAN": 210, "NEI": 129, "EIT": 6, "TVO": 168, "NGE": 357, "GEC": 30, "EAM": 122, "MEP": 131, "CEN": 300, "TFA": 217, "PEI": 86, "EZD": 85, "ZDE": 44, "ORP": 25, "RPS": 17, "PSP": 12, "LYE": 29, "YEU": 162, "AUN": 278, "UNS": 127, "SEX": 47, "EXE": 25, "XEU": 2, "UNP": 247, "LUE": 35, "DEG": 128, "DSY": 4, "SYE": 113, "UXT": 45, "XTO": 15, "OUJ": 130, "UJO": 145, "RSB": 10, "SBA": 55, "BAI": 63, "NPR": 111, "TEX": 33, "EXT": 52, "XTE": 20, "HEG": 3, "RAS": 195, "PLE": 263, "RSH": 5, "SHA": 53, "HAL": 41, "ACA": 119, "AUS": 198, "ONA": 315, "NAC": 63, "TIV": 44, "VIT": 170, "DAB": 57, "BOR": 82, "ORD": 177, "UNA": 179, "NAS": 56, "STH": 37, "THM": 4, "HME": 7, "NAR": 144, "VEE": 67, "EEO": 11, "ONI": 127, "NIN": 71, "NST": 228, "AMM": 32, "HON": 82, "RSV": 23, "ULU": 33, "CRE": 136, "TSI": 166, "IAU": 34, "UIC": 112, "ICL": 8, "UEI": 75, "IMM": 54, "CAM": 32, "TLU": 141, "UIF": 92, "IFI": 99, "NCT": 74, "AUG": 38, "UGE": 101, "RAL": 213, "UPR": 88, "FET": 69, "LIN": 203, "RMI": 118, "EAT": 127, "UEA": 120, "ALO": 203, "LOE": 21, "IIM": 6, "URB": 73, "RBI": 53, "ALH": 107, "LHP": 19, "HPI": 22, "NVA": 241, "ETB": 53, "TBE": 47, "BEL": 70, "ELH": 105, "LHT": 22, "HTE": 29, "ELB": 10, "LBA": 10, "NPI": 9, "PIE": 196, "DUS": 81, "USI": 114, "IEC": 124, "ERN": 127, "RNI": 84, "RPA": 98, "HEN": 94, "ENR": 112, "NRI": 35, "RIP": 24, "IPU": 17, "PUG": 4, "GET": 33, "DOC": 11, "OCT": 16, "TEU": 242, "NTH": 50, "THE": 150, "HEO": 15, "EOL": 7, "OLO": 118, "LOG": 48, "OGI": 23, "GIE": 65, "FAC": 80, "CUL": 103, "ULT": 63, "LTE": 46, "SAB": 89, "ABB": 19, "BBE": 18, "BED": 32, "MOR": 118, "NVR": 13, "GIS": 55, "IAL": 77, "ALT": 11, "UTY": 11, "TYA": 7, "SAL": 305, "RDH": 28, "URF": 38, "RFO": 21, "RTL": 42, "ECP": 16, "CPR": 3, "ROM": 137, "IRS": 97, "SAA": 31, "AAR": 36, "RCA": 28, "CAD": 21, "ONL": 223, "NLA": 114, "MOD": 32, "ODE": 45, "EFL": 66, "FLO": 15, "ESJ": 134, "SJA": 64, "JAR": 61, "SPL": 157, "GNI": 54, "NIF": 31, "FIQ": 12, "ARB": 54, "RBR": 43, "ASA": 299, "RLO": 39, "SUP": 61, "ERB": 42, "RBE": 43, "BEG": 7, "REZ": 92, "HAU": 144, "USS": 361, "EEE": 112, "TAV": 241, "LEJ": 108, "EJU": 89, "JUI": 8, "TAM": 67, "RSC": 55, "RUL": 20, "TOI": 154, "SGR": 95, "GRI": 35, "GNY": 4, "NYC": 2, "YCA": 1, "CAP": 23, "APU": 22, "PUC": 5, "UCI": 42, "CIN": 142, "EPH": 46, "PHI": 66, "HIL": 31, "IPP": 2, "PED": 34, "MEG": 13, "DPR": 3, "EAB": 31, "THO": 179, "NOR": 88, "NSF": 56, "EBE": 86, "BER": 159, "LLO": 78, "UEB": 16, "BAR": 87, "ORC": 68, "CAL": 108, "ALQ": 18, "EGL": 47, "GLA": 32, "ETJ": 58, "SOA": 1, "OAN": 1, "ORA": 154, "RAT": 275, "DIC": 48, "ROR": 10, "OIE": 105, "IEV": 34, "NEZ": 76, "EZL": 95, "ZLE": 39, "POR": 344, "RTR": 54, "PTR": 12, "DSP": 12, "NNA": 243, "NAG": 37, "DAT": 54, "ETY": 14, "TYE": 4, "YET": 27, "RAV": 296, "SDO": 161, "DOR": 117, "RSU": 101, "REB": 73, "CLH": 3, "ISO": 309, "TBA": 29, "BAS": 110, "SEU": 207, "EUL": 169, "ISJ": 84, "UEV": 109, "EEI": 32, "LFI": 30, "ULO": 91, "IRB": 12, "IRJ": 14, "RJU": 9, "HEZ": 96, "ZLU": 13, "LLU": 125, "LCO": 62, "MBI": 27, "VEZ": 136, "EZV": 185, "ZVO": 178, "USD": 223, "GTS": 20, "SIX": 60, "IXM": 25, "XMO": 37, "UEJ": 230, "SLI": 83, "TSR": 16, "NTB": 54, "ARQ": 70, "RSY": 5, "SYR": 4, "YRE": 25, "VEL": 123, "DIF": 60, "IFF": 76, "FFI": 76, "FIC": 65, "QUA": 592, "UAN": 232, "DIL": 81, "YAU": 43, "UNR": 71, "NRA": 27, "AYO": 48, "YON": 71, "STB": 44, "VAL": 323, "EJE": 435, "JEM": 72, "PID": 26, "SNO": 148, "ANN": 101, "TYP": 5, "YPH": 2, "PHU": 1, "HUS": 2, "USN": 130, "EUU": 14, "SUE": 29, "YAD": 44, "UXA": 100, "ISN": 26, "STL": 131, "NUE": 98, "UEQ": 67, "LEZ": 77, "USM": 95, "LFA": 173, "SIG": 65, "RGA": 10, "UEG": 20, "DAU": 70, "UNM": 174, "NMO": 149, "NTV": 104, "ALM": 56, "LMO": 28, "ILT": 75, "LTI": 22, "DRA": 129, "SRI": 67, "ENQ": 71, "CRI": 283, "RST": 24, "STU": 185, "TUP": 24, "PEF": 9, "RCO": 106, "ITY": 2, "TYF": 2, "YFA": 9, "UXD": 126, "XDE": 99, "SME": 195, "ALC": 40, "LCU": 9, "ULS": 25, "LSI": 25, "LYT": 2, "YTI": 1, "GTL": 10, "ALU": 116, "IXT": 14, "EZM": 59, "ZMO": 45, "ALJ": 209, "LJE": 222, "JEV": 133, "ISV": 46, "YAE": 13, "AEV": 1, "VID": 82, "EER": 19, "RVO": 79, "IXP": 7, "XPE": 31, "SCI": 94, "INQ": 163, "NQO": 5, "QOU": 4, "SIC": 69, "ETN": 95, "AER": 4, "URJ": 61, "RJE": 69, "NLO": 22, "JAI": 183, "VTR": 3, "RER": 255, "OIM": 45, "IMA": 143, "MAM": 21, "CIC": 21, "USL": 290, "INL": 39, "XPA": 39, "PAU": 153, "LMM": 2, "EBI": 74, "EAY": 9, "EEP": 101, "HAI": 145, "VIA": 10, "NQC": 12, "QCE": 11, "TSF": 30, "NCS": 102, "CSQ": 10, "SBY": 7, "BYT": 7, "YTE": 7, "SUF": 17, "FIS": 7, "SAD": 102, "ELR": 9, "ATC": 16, "UNT": 81, "DEQ": 93, "ZEM": 3, "CSL": 4, "ILV": 110, "LVI": 31, "OGE": 32, "PLO": 34, "OID": 127, "MEU": 188, "SCR": 92, "IVO": 96, "CIU": 10, "NOT": 58, "OTE": 95, "EEC": 101, "INN": 41, "GLE": 61, "ZEC": 12, "TSL": 48, "SIO": 163, "LAZ": 6, "AZA": 2, "ZAR": 16, "DID": 22, "SMI": 64, "TCI": 27, "LIG": 111, "IGI": 52, "RNE": 182, "SUS": 71, "CEL": 494, "DAR": 107, "LIO": 35, "IOR": 5, "UAT": 122, "LAG": 139, "GEM": 39, "NNI": 44, "RLI": 48, "LIB": 65, "IBE": 49, "UPP": 40, "PPL": 24, "SMA": 274, "COL": 110, "UDI": 94, "UXM": 70, "XMI": 8, "ALP": 33, "PES": 48, "NOS": 41, "TUI": 16, "SFI": 89, "IGE": 112, "TOT": 7, "OTA": 41, "PSQ": 17, "NVO": 149, "IRR": 33, "NTF": 122, "TFU": 24, "CCE": 109, "OUM": 16, "ABS": 45, "BSO": 28, "EMD": 7, "ITT": 285, "NFR": 83, "FRE": 134, "NAM": 53, "NAT": 171, "GLI": 29, "AIM": 128, "ILP": 194, "LPA": 82, "CLI": 19, "ITQ": 308, "ADH": 2, "DHE": 26, "EMU": 58, "MUR": 78, "RMU": 20, "EUM": 30, "UML": 4, "UEO": 24, "PUR": 21, "RVE": 84, "UIJ": 21, "IJO": 12, "JOI": 54, "CSP": 13, "ECC": 51, "CSC": 6, "UXV": 39, "XVI": 25, "SFE": 77, "RDV": 7, "DVI": 6, "NCU": 23, "GEV": 10, "TAD": 85, "MOY": 21, "OYE": 122, "YEN": 40, "RGR": 4, "OMI": 51, "ADM": 39, "DMI": 33, "NIS": 65, "ISM": 106, "CTO": 23, "LAJ": 93, "ENG": 37, "NEJ": 50, "JEL": 73, "IAM": 20, "ASR": 27, "IDO": 60, "DOI": 65, "RRO": 98, "ZRA": 7, "NMA": 151, "ILG": 5, "LGE": 13, "LPR": 45, "VOT": 88, "CSS": 5, "RUB": 11, "RIQ": 29, "OCA": 72, "AML": 5, "RFR": 7, "OST": 58, "TFR": 55, "AFI": 87, "PCR": 1, "URG": 50, "GEO": 52, "EOI": 47, "TEO": 82, "EOC": 22, "CCA": 47, "CAS": 101, "ONU": 30, "NUN": 74, "MPI": 39, "VOR": 15, "AUD": 227, "RUM": 16, "UMA": 156, "RVU": 7, "VUP": 12, "SCU": 75, "SMB": 1, "BIG": 6, "IGO": 11, "GOT": 25, "OTD": 11, "BIL": 47, "NFI": 111, "FID": 7, "LDO": 21, "NTN": 76, "XTR": 45, "UTH": 25, "OIF": 14, "LEH": 42, "EHA": 78, "HAB": 79, "ABI": 106, "SAQ": 17, "OIB": 7, "IBO": 20, "RIR": 140, "PAY": 156, "AYS": 107, "YSD": 12, "LNY": 85, "NYA": 90, "YAP": 31, "ASD": 187, "VAQ": 6, "UAC": 35, "PON": 165, "ADU": 37, "HAT": 58, "AUA": 18, "UAR": 74, "ARN": 21, "RNO": 54, "OUX": 54, "UXP": 106, "BOE": 1, "UFS": 7, "FSC": 2, "SIA": 34, "VAR": 22, "CIA": 50, "IAF": 13, "TCA": 40, "DUL": 51, "LUX": 10, "XEC": 16, "SOH": 4, "OHT": 1, "HTO": 1, "OMT": 19, "MTE": 17, "CHO": 290, "HOS": 246, "SNI": 22, "RAD": 107, "LOT": 40, "OTI": 49, "ABA": 96, "ASL": 95, "PAP": 49, "SEB": 41, "BRO": 35, "AMO": 228, "TCL": 26, "NRE": 182, "REJ": 102, "RTM": 16, "FAL": 51, "LUQ": 3, "UQU": 126, "RLU": 79, "MIT": 133, "EAI": 108, "RDO": 83, "RDU": 110, "UBO": 71, "IAN": 81, "XMA": 36, "IXD": 33, "EDR": 73, "AGU": 46, "GUI": 43, "UIG": 9, "GNA": 71, "TST": 17, "VES": 83, "RPH": 6, "HEL": 81, "LTR": 31, "EBU": 23, "BUD": 2, "UDG": 1, "DGE": 4, "ALR": 7, "LRA": 14, "ATS": 60, "BAN": 71, "NDO": 119, "TSP": 30, "NSB": 18, "SBE": 75, "BEN": 26, "ECD": 43, "CDA": 11, "AUB": 158, "PSL": 16, "SOF": 21, "OFF": 51, "TAF": 51, "FLU": 9, "CEU": 86, "ANQ": 82, "NSV": 33, "SVE": 91, "UMN": 11, "NTY": 4, "TYD": 3, "YDE": 13, "CAI": 21, "ARS": 49, "PUT": 41, "UTF": 32, "ATQ": 22, "AJO": 104, "ATL": 26, "ERF": 33, "RFL": 2, "LUA": 20, "UAS": 27, "YAT": 33, "ENB": 50, "NBA": 53, "ASQ": 68, "ENH": 40, "NHA": 43, "HEI": 19, "IRD": 157, "GEE": 88, "RSN": 17, "OMS": 15, "MSD": 6, "RSM": 31, "DUP": 106, "YSA": 35, "HOI": 15, "CTU": 47, "XDA": 21, "MSE": 3, "USF": 51, "FER": 252, "EEU": 59, "IPL": 29, "OML": 5, "MLA": 7, "ILB": 36, "LBI": 9, "NUC": 12, "ORR": 53, "CIS": 44, "TVR": 29, "USB": 25, "SBO": 82, "ORN": 41, "IIA": 2, "IAB": 34, "HEM": 106, "NCA": 75, "ASM": 76, "FAT": 45, "TIG": 44, "IGA": 24, "AVU": 17, "VUT": 4, "LHE": 101, "XCU": 6, "ETU": 160, "GTC": 9, "NQS": 4, "QSU": 1, "SUC": 36, "UCC": 25, "EDQ": 6, "DQU": 40, "NDC": 31, "DCE": 26, "IOL": 67, "APL": 115, "DLE": 46, "RAJ": 21, "OPP": 33, "NIB": 8, "LUN": 72, "VAA": 20, "AAS": 14, "EZQ": 13, "ZQU": 13, "ASP": 100, "IRA": 243, "CDE": 61, "XSC": 5, "CAN": 72, "DAL": 55, "IAI": 103, "SJE": 173, "SSC": 6, "ORG": 24, "RGU": 23, "IAE": 20, "CHR": 12, "HRI": 11, "STJ": 17, "AIF": 20, "ARV": 27, "ULG": 13, "TTA": 114, "TUS": 21, "AUI": 12, "SIB": 113, "UXH": 40, "XHA": 10, "YSI": 26, "LCI": 4, "LEX": 68, "XEM": 24, "YSV": 1, "UXI": 48, "XIL": 25, "LDI": 73, "YEZ": 66, "NIL": 153, "XIN": 13, "XVE": 10, "UXO": 47, "XOR": 11, "PRA": 9, "LSL": 10, "NRU": 13, "YSB": 1, "NID": 31, "UTU": 71, "UGA": 14, "GAI": 18, "EZC": 48, "ZCE": 32, "SIU": 11, "PSD": 29, "OLT": 13, "PRN": 2, "DIM": 30, "HEA": 42, "DUV": 28, "GEH": 4, "EHO": 102, "TSV": 15, "MPD": 9, "PDU": 2, "UIR": 128, "PPO": 63, "ETG": 17, "UXF": 67, "XFA": 18, "DIV": 45, "TDH": 20, "GEI": 25, "DSD": 23, "LUY": 1, "UYP": 1, "YPA": 8, "YSS": 5, "VAG": 57, "NNY": 8, "NYE": 11, "DPA": 12, "SEH": 30, "EHB": 38, "HBI": 39, "SGA": 36, "XFI": 8, "XCA": 8, "EGO": 41, "GOU": 54, "ROC": 116, "RSS": 57, "TIM": 86, "IMB": 14, "UEY": 3, "EYR": 8, "YRA": 16, "LSS": 28, "YCO": 10, "ATN": 12, "TNI": 17, "JUG": 50, "ILH": 26, "LHU": 32, "LIM": 65, "PTT": 6, "TAX": 1, "AXE": 1, "CEJ": 42, "NSH": 17, "NDD": 44, "IOB": 6, "BEI": 24, "UNH": 100, "MEJ": 54, "OUZ": 22, "UZE": 24, "ZEO": 2, "OUQ": 26, "ZEF": 10, "FEU": 57, "UXN": 25, "XNE": 30, "IRU": 35, "AYE": 74, "YES": 76, "THU": 24, "TJO": 22, "CID": 55, "LAE": 84, "XFO": 19, "AIV": 32, "IVU": 10, "VUS": 9, "USO": 75, "LUM": 101, "SAE": 23, "AEC": 11, "LSP": 18, "AGA": 48, "PEA": 53, "UAL": 59, "LIR": 59, "XPL": 23, "INO": 62, "UXL": 58, "XLA": 15, "DSS": 12, "TSM": 20, "VEM": 76, "DEX": 18, "INV": 55, "BOL": 5, "TDR": 5, "UBU": 11, "BUT": 21, "CPE": 8, "PHR": 8, "HRA": 8, "PDI": 3, "LOQ": 22, "CUE": 29, "SUA": 6, "UAD": 22, "VLE": 2, "FAB": 29, "IEP": 57, "LRI": 6, "VAD": 26, "EUI": 152, "LAA": 71, "BIB": 7, "IOT": 14, "OTH": 10, "HEQ": 18, "TEZ": 48, "OIU": 5, "AGR": 69, "VAP": 15, "ASJ": 26, "SJU": 38, "OIG": 63, "NEO": 50, "ISF": 45, "ASC": 86, "RTV": 11, "OCH": 129, "TNA": 45, "SHE": 55, "USJ": 21, "NDT": 19, "DTA": 2, "XIE": 21, "UBS": 5, "UCD": 7, "ULL": 14, "ITH": 42, "THA": 28, "NOC": 26, "LSU": 78, "TUM": 30, "ECQ": 11, "CQU": 33, "INM": 38, "GEZ": 6, "NCJ": 3, "CJE": 6, "EAQ": 26, "GUL": 22, "ULI": 104, "ERQ": 114, "JEC": 46, "UGU": 34, "GUS": 13, "AUQ": 28, "YSO": 14, "FUN": 11, "LIF": 9, "FEO": 1, "EOD": 5, "ODA": 5, "OBI": 25, "LIA": 65, "LBO": 7, "DOS": 38, "RTS": 71, "ILQ": 36, "UTQ": 54, "LOY": 20, "YER": 46, "NJE": 66, "HAD": 25, "HED": 70, "EZE": 47, "ZEL": 19, "ADO": 74, "NFE": 44, "FRO": 116, "ROY": 72, "LPU": 12, "UUS": 2, "EMG": 2, "MGE": 3, "GEB": 12, "MIM": 4, "IMI": 40, "NAF": 19, "APS": 7, "GAS": 7, "NDN": 8, "DNA": 7, "XAP": 8, "ONR": 78, "UAQ": 12, "OUA": 56, "UAU": 59, "UPO": 72, "XAS": 7, "NDQ": 12, "IAC": 22, "HET": 67, "FUS": 51, "FLE": 102, "CHI": 136, "HIR": 33, "RCI": 39, "UXR": 38, "XRI": 6, "YAL": 45, "TUL": 16, "LTA": 30, "EAE": 32, "AEX": 9, "EAR": 67, "ILU": 61, "IEZ": 59, "RJA": 42, "RSF": 22, "EIZ": 5, "IZE": 4, "GTM": 3, "TMI": 47, "IXS": 21, "XSE": 33, "PTM": 4, "XOU": 29, "FEN": 76, "CAB": 72, "AAC": 20, "SEQ": 94, "PTD": 1, "FIE": 57, "UDO": 19, "XHO": 20, "NDJ": 24, "DJE": 19, "JEN": 214, "CUS": 56, "JEB": 3, "XAL": 9, "NSN": 38, "LST": 5, "SDH": 15, "LSB": 5, "NSR": 33, "IXR": 5, "XRE": 21, "YSH": 1, "UPH": 16, "HIN": 40, "INP": 33, "CUI": 38, "VAC": 30, "LHI": 21, "HIV": 22, "LSC": 6, "DEH": 60, "GTQ": 5, "UVO": 58, "SAY": 28, "ZPI": 3, "ZCO": 6, "ROV": 33, "OVE": 2, "LIL": 62, "IAR": 22, "DII": 2, "TEH": 46, "HBE": 1, "BEM": 4, "OCO": 2, "PUE": 15, "BEU": 7, "GEG": 2, "EUP": 79, "UPL": 82, "IBU": 19, "BUE": 9, "USG": 28, "IOM": 8, "USV": 98, "SVU": 18, "VUL": 27, "LGA": 8, "AMN": 49, "MNA": 20, "CIR": 15, "OYO": 21, "FIA": 39, "ARP": 20, "PEM": 10, "GOR": 10, "OFE": 6, "EZH": 7, "ZHA": 2, "XFE": 21, "CTR": 15, "SUM": 10, "STT": 47, "FAR": 38, "AUE": 29, "DEI": 32, "VEI": 84, "EIR": 12, "EOB": 27, "EIS": 10, "REY": 6, "EYA": 5, "SIF": 41, "STV": 43, "ISU": 82, "EXC": 38, "ZMA": 5, "SOY": 20, "HEP": 34, "DUT": 57, "STS": 36, "NFO": 69, "EOH": 14, "OHO": 4, "HOH": 4, "OHD": 3, "HDI": 4, "YAA": 8, "SHY": 1, "HYP": 5, "YPO": 11, "POC": 22, "OCR": 11, "ROT": 37, "IDS": 16, "HUM": 84, "AIB": 31, "IIG": 2, "ZLA": 34, "PAB": 20, "TRU": 53, "RUC": 20, "UCT": 28, "ANU": 80, "NUI": 117, "ROD": 34, "ODU": 22, "DUI": 51, "SYC": 5, "UIY": 6, "IYF": 2, "IYA": 2, "YAF": 3, "TLO": 55, "LOM": 102, "NGI": 5, "GIL": 9, "TJU": 33, "NMI": 27, "RAM": 64, "PUN": 16, "UNI": 87, "CEF": 52, "RDR": 45, "NIA": 16, "IAO": 2, "AON": 46, "TAE": 42, "AEL": 27, "SOB": 18, "AAN": 11, "OCU": 15, "OIA": 20, "INF": 98, "NUA": 65, "UAV": 45, "AGM": 2, "GME": 14, "VAM": 11, "ETH": 138, "JAL": 7, "LOU": 195, "EAA": 22, "AAI": 22, "XAV": 14, "ECS": 39, "CSA": 26, "CEO": 18, "XTA": 14, "LHA": 17, "AJA": 47, "ENJ": 27, "AJU": 29, "NII": 7, "DAO": 2, "AOU": 20, "UJU": 12, "OII": 21, "AAD": 19, "MEF": 59, "TEB": 61, "NPU": 23, "DUJ": 24, "RFI": 13, "FIX": 43, "IXE": 45, "XEP": 7, "CUT": 15, "MNI": 9, "MBA": 79, "BAM": 7, "AIQ": 19, "ORV": 2, "SIJ": 26, "MAP": 40, "MLU": 1, "OLA": 30, "ABM": 15, "BME": 17, "LUG": 16, "GUB": 16, "HOR": 97, "EZI": 14, "ZIG": 1, "MPU": 15, "PUA": 3, "UAE": 10, "CLO": 52, "RAA": 32, "UXY": 14, "XYE": 13, "FOU": 87, "VIO": 40, "ACR": 67, "ILM": 76, "CLU": 18, "HAF": 16, "DAV": 56, "ZCR": 2, "ZEN": 11, "ZDA": 12, "RDQ": 17, "UMB": 13, "DOF": 1, "TIF": 32, "MPR": 103, "STD": 83, "SFU": 14, "DRI": 18, "IRV": 22, "UIU": 21, "HOC": 9, "ADR": 51, "TAQ": 21, "UIH": 4, "IHA": 8, "LUC": 12, "RTN": 6, "ASV": 51, "VUD": 10, "UXU": 19, "EGU": 41, "TIP": 7, "IPO": 48, "MEB": 28, "BEC": 15, "MEV": 51, "ASN": 11, "FRI": 33, "ROG": 26, "OGA": 2, "UDN": 4, "DNE": 22, "MAC": 56, "NIQ": 25, "BOI": 57, "IAJ": 11, "TIA": 15, "VEO": 5, "SEO": 30, "LMA": 51, "NGL": 56, "RTQ": 22, "ARU": 145, "LOB": 24, "BSE": 30, "EFT": 4, "FTU": 2, "GAY": 4, "MIV": 6, "OGU": 13, "SLU": 77, "OIC": 50, "UNQ": 46, "AFU": 14, "RUE": 115, "ORB": 9, "OIH": 3, "IHU": 3, "LDR": 4, "PSC": 17, "OBA": 32, "BAB": 32, "VET": 75, "LNI": 5, "NIG": 12, "DTR": 10, "OUO": 7, "UOR": 4, "ASB": 28, "AEF": 2, "CEI": 47, "EZG": 7, "ZGA": 2, "FAO": 33, "ZVE": 1, "TSN": 15, "ZPA": 50, "EZF": 9, "ZFI": 1, "DDU": 10, "LME": 53, "IIN": 11, "IGT": 15, "TLH": 55, "FOS": 11, "EVQ": 1, "VQU": 1, "OPL": 8, "PSS": 12, "TML": 8, "LUP": 7, "IGL": 6, "SVA": 19, "TOC": 9, "OIV": 15, "DSV": 6, "TRL": 3, "IBR": 28, "CCL": 6, "IAS": 21, "XAM": 22, "HIS": 39, "TCD": 1, "DAC": 18, "ATD": 38, "NBR": 42, "XAU": 29, "XAF": 5, "FLI": 10, "XLU": 5, "TTI": 59, "LBE": 8, "ONJ": 46, "NJA": 36, "OTP": 5, "XSO": 32, "LDN": 2, "EDN": 6, "XHE": 24, "PSE": 40, "EDD": 4, "DDA": 9, "MAS": 65, "OEI": 45, "PPU": 25, "PUY": 19, "UYE": 19, "COI": 35, "FED": 9, "ISG": 18, "SGL": 4, "PIN": 27, "DSC": 13, "NAQ": 12, "TSG": 5, "XME": 10, "EUE": 112, "RAH": 8, "AHU": 12, "FRU": 8, "RUG": 5, "SIP": 44, "ACS": 6, "CSO": 14, "GIB": 1, "IBI": 21, "MPO": 79, "TGU": 10, "GUM": 3, "PPI": 1, "LCA": 7, "MIH": 6, "IHE": 9, "ECM": 14, "CMA": 5, "TTS": 4, "FOL": 17, "IOI": 1, "ZCU": 1, "XEN": 19, "UFL": 9, "OTT": 37, "BEQ": 3, "TFL": 7, "VIU": 1, "IUS": 3, "JOS": 6, "LDA": 44, "ONK": 1, "NKE": 1, "KEL": 1, "LOS": 46, "HUG": 2, "UGO": 8, "GOE": 1, "OEV": 1, "PTO": 6, "TOL": 19, "SOP": 28, "OPU": 11, "PUS": 16, "EPS": 4, "ONY": 8, "NYM": 5, "YME": 6, "LEY": 9, "EYC": 2, "ARF": 34, "PDA": 5, "RDG": 4, "XCL": 9, "RNW": 1, "NWA": 1, "WAL": 1, "ZPO": 5, "OTL": 8, "SOT": 4, "UAI": 95, "CCH": 4, "BEE": 16, "TCR": 35, "CHV": 1, "HVO": 7, "SPS": 2, "ANV": 206, "EXO": 10, "XOD": 1, "OVI": 30, "ULH": 9, "OMO": 8, "VOS": 27, "OSN": 1, "MSV": 1, "UFH": 2, "FHE": 2, "CII": 11, "STN": 9, "NIO": 12, "VIP": 4, "LCV": 10, "CVE": 12, "VEF": 8, "OSP": 26, "EOF": 4, "TAJ": 18, "XVA": 10, "JEP": 41, "YEM": 6, "ZGR": 4, "ZDI": 14, "MAU": 71, "GIN": 11, "DSF": 2, "DSI": 5, "DHI": 6, "EUB": 24, "SBL": 34, "NCC": 9, "UXB": 40, "XBU": 2, "BUF": 3, "NRO": 24, "CSE": 30, "COT": 14, "RFA": 54, "HAQ": 43, "LCE": 39, "XCO": 31, "UNF": 47, "SEG": 24, "ARH": 3, "RHA": 9, "OUH": 14, "UHU": 6, "ATM": 9, "JOR": 4, "EGI": 21, "GIM": 4, "NGA": 47, "TOB": 22, "UAO": 2, "ONZ": 6, "ZES": 14, "IMU": 7, "MUL": 17, "TUA": 30, "EDS": 33, "UAP": 35, "YEE": 12, "JAD": 13, "PEK": 1, "EKI": 1, "KIN": 2, "AFL": 12, "OPE": 13, "NCP": 13, "CPA": 11, "MOB": 15, "CHT": 1, "HTJ": 1, "JAU": 32, "CAJ": 5, "ECY": 3, "CYG": 1, "YGN": 1, "AEU": 13, "TAY": 4, "TVU": 32, "VUQ": 8, "OBJ": 14, "BJE": 17, "XFR": 6, "CSD": 17, "NQA": 16, "QAN": 16, "ARY": 1, "RYR": 2, "FIG": 59, "IGU": 101, "GUR": 60, "DHP": 2, "ECB": 5, "CBA": 1, "BAL": 44, "DAQ": 7, "RID": 36, "AUL": 76, "AHI": 15, "XPO": 21, "LUR": 12, "HEC": 25, "XEE": 6, "CRU": 39, "CIF": 8, "XES": 17, "OSV": 9, "PRU": 20, "SOV": 1, "OVA": 3, "CCR": 18, "UMU": 17, "XCT": 2, "IPT": 12, "BET": 47, "DAG": 10, "AGD": 1, "GDE": 12, "DCH": 9, "XDI": 10, "ALY": 6, "SYA": 11, "IFS": 12, "FSP": 1, "AVR": 19, "VRI": 93, "ICU": 43, "ERJ": 41, "PIL": 22, "TOF": 4, "IRT": 20, "UNN": 27, "UFM": 1, "FMA": 2, "UBE": 65, "IXL": 14, "SIQ": 28, "TBL": 30, "RBA": 26, "BAD": 5, "XBO": 15, "PAV": 19, "OUG": 59, "NUP": 12, "DUH": 6, "UHA": 24, "EXQ": 6, "XEQ": 2, "IXC": 18, "PEQ": 9, "CBO": 4, "NHE": 29, "XGR": 17, "OSF": 3, "SFL": 24, "IFQ": 5, "FQU": 5, "UGI": 21, "NAD": 34, "ADN": 2, "XFL": 9, "XSU": 15, "EUG": 12, "XRA": 4, "EEF": 14, "UJA": 15, "NGD": 13, "GDU": 2, "RBL": 11, "NCD": 18, "CDO": 10, "BUI": 9, "TID": 15, "UTV": 24, "LVA": 15, "VAU": 40, "UDR": 66, "PEZ": 4, "IUT": 2, "TAA": 31, "LYP": 6, "RCL": 11, "TPI": 12, "PIQ": 9, "SIH": 5, "IHO": 3, "LUD": 6, "BOT": 16, "HOD": 4, "SUT": 12, "OTY": 1, "TYL": 4, "YLE": 13, "NSJ": 20, "CTS": 14, "OSO": 25, "IFE": 22, "DSU": 11, "RRU": 26, "RUR": 18, "UEH": 12, "RTT": 13, "SCL": 25, "SMD": 3, "RDJ": 5, "DJA": 9, "JAP": 6, "XAI": 8, "OMA": 49, "MAQ": 3, "ADV": 2, "POM": 27, "RRY": 4, "RYS": 1, "RUD": 36, "TNU": 15, "VAT": 40, "TOD": 6, "ODI": 22, "OMU": 3, "MUM": 1, "UMV": 2, "MVI": 1, "VIG": 5, "DIU": 1, "AGO": 27, "GON": 37, "ICR": 19, "IFO": 12, "XVO": 13, "RDB": 5, "DBE": 3, "SGO": 7, "DOL": 10, "FUG": 4, "GIA": 3, "IAD": 28, "NIC": 23, "AUZ": 3, "UZI": 1, "ZIE": 3, "RDP": 13, "DPU": 3, "XTU": 5, "CAV": 17, "UGD": 1, "LUB": 2, "UBA": 72, "BAY": 3, "AEM": 2, "XGE": 7, "TEY": 2, "EYP": 1, "YPE": 6, "EJY": 5, "JYP": 1, "IRP": 49, "ULM": 4, "MMU": 19, "MUN": 26, "AIP": 46, "VUE": 19, "RTJ": 18, "LSJ": 1, "EUQ": 26, "ENY": 20, "SIV": 54, "DST": 2, "JYS": 3, "LSV": 3, "BAH": 10, "AHA": 47, "NAH": 7, "AHM": 14, "HMO": 8, "RNY": 1, "MDU": 2, "MAV": 23, "YSE": 24, "NIM": 42, "AMU": 17, "UFC": 2, "FCH": 2, "EZS": 21, "ZSE": 2, "LYR": 4, "ZEJ": 3, "XON": 14, "EOR": 15, "XBA": 21, "AHD": 3, "UMC": 1, "MCE": 3, "RAO": 10, "SHU": 14, "RML": 5, "APD": 1, "PDO": 12, "ORU": 5, "XAR": 6, "NUQ": 12, "JED": 39, "RPL": 17, "DAF": 16, "RCU": 10, "DSL": 11, "EUJ": 12, "OUN": 13, "DNO": 4, "BEP": 2, "EZO": 8, "ZOB": 1, "BSC": 39, "IPH": 2, "USH": 17, "DUQ": 16, "IJU": 6, "JUR": 33, "EEJ": 10, "NBU": 11, "LPO": 40, "SCT": 5, "EZB": 24, "ZBE": 2, "PIG": 3, "GAU": 21, "LTL": 3, "MAB": 20, "MIO": 5, "IOF": 4, "LDU": 25, "TDN": 3, "YEQ": 1, "IEO": 9, "TSB": 16, "SPY": 2, "PYR": 3, "YRR": 1, "RRH": 1, "RHO": 5, "HOB": 1, "OBB": 1, "TMN": 1, "SPH": 8, "JEH": 3, "OTC": 5, "DEO": 20, "DCR": 3, "OTQ": 8, "STM": 32, "MOQ": 1, "EDH": 15, "DHA": 8, "LHY": 2, "POT": 19, "SEJ": 24, "HOV": 2, "VAH": 6, "XAB": 3, "CEG": 21, "DTO": 7, "ZER": 1, "ROQ": 6, "ASF": 25, "UTB": 32, "RIF": 20, "SGU": 16, "MMO": 34, "MOL": 11, "NSG": 13, "GAM": 4, "LAH": 27, "TAH": 23, "AHL": 23, "HLO": 1, "JEF": 15, "ALS": 19, "INJ": 31, "FAS": 10, "OIP": 20, "AIA": 19, "RAF": 12, "JUP": 12, "VEG": 5, "ELC": 27, "LCR": 21, "ZFO": 1, "EZJ": 18, "ZJE": 8, "LPL": 15, "TOH": 7, "OHL": 4, "HLA": 5, "USY": 7, "SYL": 6, "NBI": 12, "UAA": 7, "XOM": 4, "MOP": 4, "NCN": 2, "CNE": 3, "XIR": 2, "FAD": 1, "HUC": 7, "HOT": 13, "AIJ": 20, "STF": 20, "GEJ": 13, "UFI": 2, "SDY": 1, "DYS": 1, "TSJ": 9, "AHP": 5, "HPO": 2, "ZET": 14, "ULC": 8, "NCV": 8, "CVI": 2, "UPI": 56, "DSA": 12, "GOB": 1, "HIM": 4, "LSM": 7, "NYF": 2, "JEG": 2, "AHQ": 3, "HQU": 7, "LAO": 13, "PEO": 2, "VIF": 10, "IFC": 4, "FCO": 2, "RCC": 1, "ACQ": 17, "NOD": 5, "UCR": 19, "FEL": 22, "UPT": 24, "RUF": 2, "XSA": 6, "VRO": 5, "OSM": 8, "EZN": 15, "ZNO": 13, "SMU": 13, "HIA": 2, "UVT": 1, "ZEP": 18, "OSG": 3, "PEE": 33, "JEJ": 2, "RBO": 11, "MUS": 15, "DUG": 28, "UGR": 26, "XLI": 11, "XDO": 8, "NHI": 9, "ULD": 6, "BIJ": 3, "PUM": 1, "NAY": 17, "PSJ": 5, "MYA": 1, "YAC": 6, "LVE": 26, "MAF": 19, "EUA": 46, "CMO": 9, "ASH": 5, "ECN": 2, "CNO": 2, "OTM": 12, "ZSU": 4, "AIU": 3, "CAE": 3, "XDU": 13, "LSH": 2, "HEF": 12, "GUY": 1, "AEP": 5, "UCL": 14, "TGE": 70, "UQE": 1, "QET": 1, "UCQ": 1, "CQB": 1, "QBO": 1, "YLV": 1, "VEJ": 9, "VEH": 6, "OPM": 2, "TTH": 24, "DLH": 4, "TVA": 21, "CTQ": 4, "TGO": 2, "ELG": 11, "LGD": 2, "GDA": 3, "TUT": 28, "TOY": 12, "GIC": 2, "GIT": 20, "VTA": 1, "ZIL": 7, "TCC": 3, "OUU": 10, "IYC": 1, "SLH": 38, "PSR": 3, "RIZ": 15, "IZO": 15, "ZON": 17, "RDN": 4, "XIO": 8, "DTC": 1, "AFR": 18, "BIS": 9, "BAU": 14, "LYS": 14, "AAL": 32, "INB": 9, "HIT": 9, "FAA": 6, "XBL": 12, "JAT": 4, "ILJ": 28, "ELJ": 6, "LJA": 12, "PEV": 1, "ISH": 31, "AUJ": 33, "DHU": 25, "DOE": 17, "ZME": 7, "TTU": 21, "RDL": 20, "MUC": 1, "HOQ": 4, "ZOR": 1, "NHU": 8, "PUD": 16, "LOF": 6, "ASY": 2, "SYM": 8, "YMP": 8, "MEH": 18, "TEG": 54, "EGC": 1, "GCA": 1, "BUS": 23, "IXV": 5, "VIB": 1, "DSO": 7, "TOG": 3, "PHY": 20, "HYS": 20, "LCL": 1, "OBU": 6, "TAZ": 4, "AZR": 1, "MAH": 2, "AHO": 12, "EGS": 1, "GSE": 3, "YAS": 10, "RUP": 23, "TOJ": 1, "OJE": 4, "EZT": 18, "ZTO": 7, "DUA": 11, "UAM": 15, "PMO": 3, "TYR": 13, "AAE": 3, "EAJ": 15, "ISX": 18, "SXV": 17, "VIJ": 3, "GEP": 26, "NUU": 11, "IEJ": 15, "ABU": 7, "MOE": 3, "OGR": 12, "CIV": 15, "IAA": 15, "AAH": 7, "AHV": 5, "SYV": 1, "YVO": 6, "UAG": 14, "VEV": 4, "IIV": 3, "ECV": 7, "CVO": 10, "RTY": 4, "XVM": 1, "VMO": 1, "MSC": 4, "XVP": 1, "VPO": 1, "MEZ": 10, "AIC": 24, "GUA": 11, "ASG": 8, "BBA": 2, "ELY": 14, "IXB": 14, "EJI": 1, "JIN": 2, "LGV": 1, "GVO": 2, "YRS": 1, "UTJ": 17, "IIQ": 2, "OSL": 9, "EZA": 39, "ZAV": 13, "EEG": 5, "EXR": 1, "DPL": 2, "YSJ": 5, "CUD": 2, "VEB": 1, "OSJ": 5, "ZSA": 4, "XED": 2, "ALV": 6, "NQM": 5, "QMI": 5, "DSN": 4, "SNU": 28, "UEZ": 5, "TUQ": 2, "NHT": 5, "OSR": 7, "NGO": 29, "ZOU": 5, "ATB": 3, "BOS": 6, "UMS": 3, "MSU": 1, "GID": 4, "CTD": 13, "XBI": 2, "ZIN": 5, "MDO": 1, "LFO": 7, "BAV": 5, "ULX": 1, "LXT": 1, "RJO": 18, "HID": 23, "DMO": 9, "NFL": 23, "GOI": 15, "ABJ": 4, "BJU": 1, "ZBI": 13, "AAB": 9, "SUL": 25, "JAB": 2, "OPB": 5, "PBE": 1, "CIQ": 7, "DOY": 3, "OTO": 9, "IID": 3, "GTV": 1, "FFO": 33, "INR": 16, "TGL": 12, "HAV": 9, "LRO": 5, "YSM": 5, "MAA": 7, "MAO": 5, "AOR": 7, "STY": 6, "OCL": 7, "HIJ": 1, "HEJ": 7, "SRU": 24, "GTD": 8, "DVE": 4, "EGH": 1, "GHE": 1, "YED": 11, "JAA": 4, "AAV": 25, "CME": 1, "CSJ": 2, "JAC": 10, "XPI": 15, "LGI": 1, "AAM": 14, "RFE": 7, "AAT": 11, "OIY": 1, "NCQ": 4, "NDV": 11, "DVO": 10, "OHV": 2, "XIU": 1, "UFU": 2, "JON": 4, "LGL": 1, "GLU": 1, "SYN": 2, "YNO": 4, "VOQ": 2, "CHM": 3, "HMM": 2, "ZEE": 3, "ISY": 4, "MIC": 15, "NOH": 4, "OHQ": 4, "LUL": 13, "EOP": 6, "UDS": 2, "NIU": 7, "DAJ": 6, "UTG": 6, "ZSO": 6, "UAY": 3, "TSH": 7, "DOP": 2, "OPI": 12, "MOC": 1, "VAE": 9, "LOP": 30, "ATV": 9, "PTU": 11, "IFT": 3, "FTA": 1, "DIP": 4, "ATP": 15, "ERW": 1, "RWA": 1, "WAT": 6, "LOO": 4, "OOO": 1, "OOU": 3, "GIO": 15, "ITZ": 9, "TZB": 1, "ZBO": 8, "IXI": 9, "IXQ": 14, "TTM": 5, "XGO": 1, "XAG": 8, "ECF": 4, "CFE": 1, "DAD": 13, "XII": 6, "IIS": 5, "CSB": 2, "CST": 4, "BIN": 19, "OSB": 7, "UPU": 12, "TTP": 5, "NSY": 2, "DDI": 6, "LIU": 4, "IUM": 3, "MVO": 3, "MMI": 19, "YAQ": 7, "FUM": 24, "PEP": 5, "HOE": 1, "VOC": 63, "NUH": 1, "IRN": 7, "IXO": 5, "ABN": 3, "BNE": 3, "ANK": 3, "NKY": 2, "KYL": 2, "YLO": 2, "FUI": 13, "TUG": 1, "MBS": 1, "ZHI": 1, "JUV": 1, "ZTH": 1, "PAC": 9, "ZAL": 3, "MPH": 13, "AAY": 1, "ZHE": 1, "XEX": 4, "STG": 6, "MYO": 2, "YOP": 1, "EVU": 20, "XNA": 8, "CHY": 2, "HYL": 2, "EMQ": 1, "MQU": 3, "UDH": 3, "CCI": 5, "HIC": 6, "RTH": 12, "ODO": 5, "DOX": 2, "OXI": 1, "CTL": 6, "TUH": 2, "DOG": 6, "OGM": 2, "CIO": 7, "DUF": 24, "OLV": 2, "NHY": 1, "EMS": 3, "CDI": 2, "LTU": 8, "JAE": 3, "CTN": 2, "MUP": 1, "RII": 4, "MUT": 2, "HIF": 13, "HAO": 3, "AOS": 3, "IEF": 24, "AVT": 2, "VTT": 1, "MIA": 7, "NIV": 14, "TIB": 18, "MBO": 17, "EXV": 1, "IAQ": 8, "TTD": 7, "NBL": 9, "RDC": 16, "VTP": 2, "IFL": 8, "PSF": 7, "LUV": 1, "MUD": 2, "AOF": 1, "RFU": 11, "PUP": 2, "ERH": 5, "IMY": 2, "BLO": 47, "DUE": 37, "SEY": 3, "HOU": 13, "XIV": 2, "IVC": 1, "VCE": 2, "TSY": 9, "TYG": 1, "YGR": 1, "AYR": 2, "RUA": 9, "YPS": 1, "IGM": 6, "IYP": 1, "ANX": 6, "NXI": 6, "EEB": 11, "DSM": 5, "ESW": 2, "SWE": 2, "WED": 1, "ROJ": 2, "RHU": 4, "AES": 13, "IEX": 7, "ORL": 14, "TPH": 4, "JAN": 6, "ZDO": 9, "EEH": 15, "LSY": 6, "LYV": 1, "YVI": 2, "MBU": 6, "BUL": 4, "IFD": 9, "FDE": 9, "FEI": 2, "FSS": 2, "SGI": 4, "GIG": 2, "TOE": 1, "FUL": 1, "LGU": 2, "NIY": 1, "OBR": 6, "CTP": 4, "OLP": 4, "LBL": 8, "PEB": 1, "APV": 2, "PVE": 2, "OSU": 5, "ACD": 12, "OLD": 34, "ATF": 2, "EDL": 2, "RGQ": 1, "GQU": 2, "DGA": 2, "FCA": 1, "AAG": 4, "UOT": 3, "GOL": 3, "OLF": 1, "FEJ": 1, "JUA": 1, "NLH": 5, "UAH": 2, "XPU": 3, "OLB": 5, "RHT": 1, "ALB": 17, "ERY": 4, "RYA": 7, "XDH": 7, "NQL": 11, "QLI": 9, "NDF": 7, "DFE": 3, "NDB": 8, "DBR": 4, "RIX": 7, "COQ": 14, "OQS": 1, "QSD": 1, "RUY": 4, "LOZ": 1, "OZL": 1, "ZLH": 4, "UFE": 13, "EYS": 2, "UXJ": 30, "XJO": 12, "NVU": 13, "DAE": 10, "SDN": 4, "TTT": 1, "YEP": 4, "AHB": 3, "HBA": 1, "HMA": 6, "YEJ": 2, "ZEI": 1, "GTI": 1, "IXJ": 3, "XJE": 14, "HAA": 8, "ZAS": 1, "OMV": 1, "ANM": 14, "YEA": 3, "SII": 5, "EYJ": 2, "YJE": 4, "AUH": 9, "IML": 4, "EGT": 2, "EHT": 1, "CDU": 2, "SYB": 1, "YBU": 1, "BUV": 7, "UIB": 16, "RDF": 5, "DFA": 4, "OMJ": 2, "MJE": 3, "TUV": 4, "GEF": 6, "YEL": 5, "OCD": 2, "IFU": 13, "JOY": 14, "LFR": 8, "PAA": 5, "AUU": 4, "DCO": 13, "MIP": 2, "DOB": 9, "NMU": 11, "CEH": 11, "UYM": 1, "HPA": 4, "IEH": 10, "ZCH": 7, "RCR": 8, "LBU": 27, "XEF": 1, "IDD": 6, "GAZ": 1, "AZO": 1, "UFR": 11, "IDC": 3, "LYF": 4, "YTR": 4, "IRF": 10, "CSU": 4, "GIR": 3, "NOE": 15, "SGT": 1, "TTQ": 8, "LFL": 2, "CPL": 5, "MPN": 1, "PNI": 1, "FUR": 21, "CSI": 9, "ZAI": 6, "PUV": 3, "IFR": 7, "EZY": 4, "ZYC": 1, "YCH": 3, "ZTA": 4, "THV": 4, "HVI": 4, "HVD": 1, "VDE": 2, "XRO": 12, "HEB": 10, "EAH": 20, "DMA": 8, "CPO": 3, "OTU": 4, "TUY": 1, "ULB": 1, "BUR": 33, "CPI": 1, "ACP": 1, "RUQ": 2, "VUC": 11, "TAO": 1, "AOB": 2, "OSY": 2, "ZLO": 5, "TBU": 3, "NRD": 1, "GAB": 5, "ZEU": 6, "ZFR": 1, "BOH": 4, "OHE": 5, "ZJA": 8, "VUA": 4, "TRD": 1, "ARJ": 19, "NUR": 9, "ZVI": 2, "IIH": 1, "CIJ": 9, "ANJ": 16, "BAG": 60, "EDC": 2, "LUJ": 1, "URY": 35, "RYT": 3, "EDJ": 2, "IMV": 1, "ATJ": 8, "ANF": 7, "ORZ": 2, "RZE": 3, "PSB": 3, "EYE": 5, "FEZ": 1, "ZIC": 2, "ZAU": 3, "MAE": 7, "OHU": 4, "VUV": 2, "QSO": 2, "BEJ": 2, "VUU": 2, "DJO": 4, "OYI": 1, "YIO": 1, "IDM": 2, "ZNE": 2, "ZFA": 6, "FSO": 4, "MDA": 2, "SVR": 7, "UDL": 5, "IDL": 3, "HIO": 8, "ZDU": 6, "BEB": 1, "ZMI": 1, "PCE": 4, "IVD": 1, "PBO": 5, "AAJ": 8, "TJY": 1, "JYA": 1, "CUQ": 2, "AMY": 4, "YOC": 1, "GTU": 2, "LOD": 9, "ODS": 1, "MSQ": 2, "YSL": 8, "PTA": 17, "RSG": 5, "GRU": 3, "MIJ": 3, "PRT": 1, "CEX": 2, "EXH": 3, "EDY": 2, "DYR": 4, "OPS": 4, "NYP": 8, "CMG": 1, "CML": 2, "COG": 1, "OGN": 7, "UDP": 3, "XJA": 6, "UDC": 3, "TTL": 3, "NUB": 2, "UDM": 1, "MUA": 12, "UVL": 1, "FSA": 2, "LRU": 2, "YEO": 1, "NGS": 11, "GSC": 4, "ANH": 1, "SBU": 7, "RGO": 17, "ANB": 6, "RPU": 6, "PTP": 3, "PAE": 4, "UPV": 3, "PVI": 5, "FUY": 3, "BUN": 7, "RCT": 2, "DPO": 10, "EHI": 18, "COD": 5, "EFD": 5, "XCI": 8, "BUO": 4, "BIC": 1, "LYD": 1, "IFP": 3, "FPE": 1, "PTF": 6, "YAR": 18, "PTJ": 1, "LSQ": 8, "ULP": 4, "LPI": 4, "OTN": 3, "DTD": 1, "PTH": 6, "AGG": 3, "GGR": 3, "IZI": 1, "OLS": 1, "QON": 1, "IMJ": 1, "UGM": 4, "IMQ": 1, "UHE": 2, "UPM": 2, "OLQ": 4, "ULQ": 4, "PIA": 3, "DUU": 1, "DOT": 6, "LJU": 4, "LNH": 1, "PSU": 11, "BSU": 4, "UPJ": 4, "PJA": 2, "DBI": 2, "SAH": 13, "BAE": 2, "LYC": 4, "PBA": 2, "ALN": 4, "XSI": 7, "FPA": 1, "LVU": 1, "OPD": 7, "NYR": 6, "EOM": 8, "UGL": 10, "SHI": 4, "JAF": 5, "UPQ": 1, "CAG": 1, "MSO": 1, "EPY": 1, "TMY": 3, "ECJ": 1, "LJO": 4, "FSD": 6, "NOF": 4, "UBM": 2, "DSQ": 9, "HIQ": 5, "POP": 10, "CUM": 4, "NOY": 2, "RSR": 7, "ALG": 8, "EFS": 5, "FSQ": 2, "OTV": 2, "SOG": 4, "ANR": 6, "XLH": 1, "OPN": 1, "PNO": 1, "PDH": 1, "SYF": 2, "YFL": 1, "YCR": 2, "PCO": 5, "AAQ": 3, "FSE": 1, "YFU": 4, "IPS": 3, "YSQ": 2, "ZBA": 1, "FTE": 1, "IBA": 7, "BOY": 2, "RPI": 6, "UAF": 3, "NYD": 1, "YDI": 1, "IOO": 1, "MII": 2, "DNU": 1, "LMY": 2, "CIB": 4, "DLU": 3, "HAG": 4, "MUE": 21, "UAB": 8, "BAA": 4, "PJE": 2, "EFY": 1, "FYE": 1, "ACJ": 2, "AEH": 1, "AHR": 2, "HRE": 5, "PEJ": 2, "DBO": 1, "COC": 28, "CHL": 2, "HLE": 4, "BOM": 21, "GAD": 3, "OTJ": 4, "CVR": 1, "ZPR": 5, "IRH": 4, "ZPL": 7, "DIZ": 2, "IZA": 10, "XOS": 1, "UAJ": 6, "VUI": 4, "XEA": 2, "ORJ": 3, "EDM": 5, "EDT": 2, "DTE": 1, "EDV": 2, "AHC": 4, "HCE": 5, "TUB": 5, "SOS": 8, "NIJ": 3, "RTF": 11, "AHE": 5, "NQF": 4, "QFR": 4, "BEF": 2, "NGC": 5, "GCH": 2, "LMU": 4, "IXF": 15, "GSD": 5, "FSI": 1, "EVN": 4, "VNT": 4, "OPV": 4, "TUC": 5, "DLI": 3, "PAM": 3, "MIQ": 2, "EGN": 4, "DAZ": 1, "AZU": 5, "ZUR": 5, "LYN": 3, "YNC": 2, "CHS": 1, "HSI": 1, "NGN": 2, "MLY": 1, "OPT": 3, "EAO": 6, "ODR": 2, "DRY": 1, "RYN": 5, "YNE": 3, "NGP": 1, "GPU": 1, "NDG": 2, "DGR": 1, "SCY": 1, "CYL": 1, "YLI": 1, "BIV": 2, "ESK": 1, "SKA": 2, "KAI": 2, "ICK": 1, "CKS": 1, "KSL": 1, "EGY": 2, "GYP": 2, "YPT": 2, "RYD": 4, "OGO": 3, "UNY": 2, "NYL": 1, "YLA": 5, "EDX": 1, "DXE": 1, "RIK": 1, "IKA": 1, "TZA": 1, "ZAB": 1, "ABD": 2, "BDI": 2, "TZE": 6, "HUR": 7, "ATG": 34, "ROE": 1, "OEP": 1, "NGY": 2, "GYE": 1, "GYA": 1, "LEK": 1, "EKA": 1, "KAD": 1, "SMP": 1, "CAF": 7, "FEV": 2, "DSJ": 1, "IDN": 1, "LTN": 2, "DAY": 1, "BAF": 1, "LPT": 2, "IVM": 2, "VMP": 1, "BAC": 6, "MMC": 1, "MCA": 3, "GOF": 1, "FFM": 2, "FMD": 1, "CAZ": 1, "AZE": 9, "AMD": 1, "ETZ": 2, "TZS": 1, "ZSI": 6, "AMH": 1, "MHO": 1, "HOF": 1, "NNS": 1, "TZC": 1, "SLY": 2, "YCE": 3, "SYG": 2, "YGO": 1, "UZA": 2, "RYE": 9, "NMD": 1, "EMC": 4, "MCL": 2, "XPH": 1, "CUG": 1, "UGN": 2, "OTF": 6, "ABV": 1, "BVI": 1, "EOE": 2, "OYS": 2, "DLO": 2, "LYO": 1, "LGR": 8, "DBY": 1, "BYR": 2, "YRO": 2, "POE": 10, "OEM": 2, "DBA": 2, "XVC": 1, "TOP": 3, "RGS": 7, "GSA": 2, "UYT": 1, "GAP": 2, "CUV": 1, "SMF": 1, "MFR": 1, "TNY": 5, "RMR": 1, "MRO": 1, "BLU": 1, "TIJ": 1, "PSO": 7, "CYN": 1, "YNI": 3, "NUO": 2, "SWA": 1, "ICS": 3, "ADJ": 3, "DJU": 3, "TYO": 1, "YOU": 1, "SSB": 1, "NGV": 1, "TUO": 3, "MOG": 4, "CAH": 5, "RSW": 1, "WEL": 1, "GTO": 1, "DEW": 3, "EWA": 5, "OOC": 1, "LIX": 8, "XTH": 12, "HOL": 60, "OMY": 59, "MYE": 59, "DAH": 19, "HLI": 19, "IAZ": 4, "GTT": 3, "SOD": 2, "LPH": 4, "PHO": 6, "LAY": 4, "AYU": 1, "YUN": 3, "NGF": 1, "GFR": 1, "IMF": 1, "MFA": 2, "ESZ": 2, "SZE": 2, "OPJ": 1, "PJO": 1, "ULF": 1, "CLT": 2, "LTP": 1, "OMC": 6, "MCO": 1, "IEB": 4, "PST": 3, "AZZ": 2, "ZZI": 2, "ZIS": 1, "NYV": 4, "SFT": 1, "AOM": 1, "OFA": 1, "PSN": 1, "UMP": 1, "LEW": 1, "WAG": 1, "MPC": 3, "NQH": 8, "QHE": 8, "IOG": 1, "LLY": 4, "LYM": 2, "YMA": 1, "OET": 2, "RSK": 1, "SKE": 1, "KEE": 1, "SAK": 1, "AKE": 2, "KES": 2, "EBY": 1, "ERZ": 1, "FEE": 9, "TMB": 1, "JOV": 1, "NKI": 1, "CIG": 2, "XLO": 6, "HAH": 4, "ESX": 1, "SXS": 1, "GAC": 4, "OVO": 2, "SAZ": 1, "JUN": 1, "YTH": 3, "PSY": 1, "ORQ": 3, "IRG": 3, "TYS": 1, "YSU": 5, "LII": 1, "ICN": 1, "IVT": 1, "VTH": 1, "JAS": 5, "RCD": 1, "RCS": 1, "OLC": 3, "YLL": 3, "RCY": 1, "CYT": 1, "IEW": 1, "FEY": 1, "DRU": 1, "MNO": 1, "BIZ": 8, "RBU": 3, "JOF": 1, "SSY": 9, "SYI": 1, "YIN": 1, "RCB": 1, "CBI": 2, "FTR": 1, "ATY": 2, "DFI": 3, "NYB": 1, "YBA": 1, "EUZ": 1, "OYD": 1, "JOZ": 1, "OZA": 1, "ZAM": 2, "IOJ": 1, "OJO": 1, "EVC": 1, "VCH": 1, "DVU": 1, "RLY": 2, "LYL": 2, "CVA": 3, "XVR": 1, "NCM": 4, "DCA": 4, "NYJ": 1, "YJO": 1, "ZED": 3, "YFI": 1, "TZI": 1, "NRL": 1, "MYD": 1, "UDF": 1, "TUF": 2, "AHN": 1, "HNE": 2, "AHJ": 4, "HJE": 5, "NCB": 4, "AMS": 1, "AII": 4, "TUJ": 1, "DNI": 1, "ODD": 1, "EYN": 2, "BOC": 1, "ZIT": 1, "OLY": 2, "TIU": 2, "ORY": 1, "OMG": 1, "MGR": 1, "HUB": 1, "HUP": 1, "XDN": 1, "LAX": 1, "AXL": 1, "TIH": 2, "XER": 6, "OCS": 1, "CSN": 3, "ZGO": 1, "HAE": 4, "AEA": 1, "GNU": 1, "ZYL": 1, "FOM": 1, "LOX": 1, "OXY": 2, "XYC": 1, "QLE": 1, "CUA": 1, "UCZ": 1, "CZA": 2, "ECZ": 1, "XEL": 10, "TMU": 5, "MTU": 1, "OES": 1, "MTO": 1, "FIO": 3, "MSI": 3, "SSD": 1, "ZTR": 4, "COA": 1, "OAG": 1, "PHT": 1, "HTH": 1, "SAX": 1, "AXO": 1, "FSJ": 1, "PIP": 2, "TOA": 1, "OAS": 1, "RGG": 1, "GGE": 1, "PIO": 4, "RNU": 5, "AED": 1, "DSG": 1, "XIM": 2, "OXE": 1, "NOP": 1, "THY": 1, "HYG": 1, "YGE": 1, "NOV": 1, "OVU": 1, "VUM": 3, "UMD": 2, "MDI": 2, "ORO": 3, "MOS": 2, "JUM": 1, "CUC": 1, "HUE": 2, "XAD": 2, "COH": 2, "EBD": 1, "BDO": 1, "SYD": 3, "YAM": 5, "OPC": 3, "QCH": 1, "UYO": 1, "CEZ": 1, "DRL": 10, "EIU": 1, "OOR": 1, "AUO": 6, "PIV": 2, "RDT": 4, "DTI": 1, "FFU": 1, "THF": 1, "HFO": 1, "CYC": 1, "YCL": 1, "HAK": 1, "FSV": 1, "XAT": 3, "PUJ": 1, "YDO": 1, "EXD": 1, "XGI": 1, "GIV": 1, "CTH": 2, "EMF": 2, "MFE": 2, "NMY": 1, "COS": 63, "FAE": 1, "TYM": 1, "AAF": 4, "PTQ": 1, "FEP": 1, "SNY": 3, "ZBR": 1, "ISK": 1, "KAT": 1, "MYH": 1, "YHA": 1, "FAY": 1, "AYD": 1, "YDU": 1, "UAZ": 1, "EIE": 1, "ZEX": 1, "XIG": 5, "TNT": 1, "FTP": 2, "VUR": 2, "RGN": 7, "YVT": 1, "VTU": 1, "EIH": 1, "IHI": 1, "CTT": 1, "YSC": 4, "GOM": 1, "CFO": 1, "IRY": 2, "RYC": 2, "SYP": 6, "YPR": 6, "XIB": 1, "TYV": 1, "ZHO": 3, "EMN": 1, "IAH": 5, "RYL": 5, "VUG": 1, "VOE": 1, "FDU": 3, "NPH": 3, "APB": 1, "IFJ": 2, "FJA": 2, "XMU": 2, "XTI": 1, "LUZ": 1, "GAV": 1, "FIB": 1, "BIA": 1, "YPU": 1, "VMM": 1, "FRL": 1, "OBT": 1, "BTE": 1, "EVV": 1, "VVA": 1, "FTL": 1, "NEY": 3, "EYD": 1, "CTB": 1, "INH": 1, "DMM": 5, "XJU": 1, "RCJ": 1, "CJU": 1, "ADY": 1, "ZCA": 1, "MUF": 1, "HIU": 1, "NAJ": 9, "TYX": 1, "YXA": 1, "RDM": 5, "OCQ": 1, "CQT": 1, "QTO": 1, "PHD": 1, "HDE": 2, "XUL": 1, "YMB": 1, "DFU": 2, "EYF": 2, "IFN": 1, "FNE": 1, "YSF": 2, "YEC": 3, "ICM": 1, "CMM": 1, "VAO": 3, "XMM": 2, "PSV": 2, "YGL": 1, "QLO": 1, "FEA": 1, "ICQ": 1, "ICC": 2, "GTB": 1, "FCE": 1, "BUA": 2, "PTS": 5, "RMD": 1, "TDY": 1, "CTC": 1, "NCF": 2, "CFA": 3, "SUY": 3, "ICV": 1, "COB": 1, "SUD": 2, "PUQ": 1, "DFR": 1, "OHC": 5, "HCO": 4, "EXS": 1, "LLH": 1, "IDQ": 5, "IDJ": 1, "AIH": 1, "IFG": 1, "FGU": 1, "ICD": 2, "PVO": 2, "MYT": 1, "CBE": 2, "VAF": 2, "UPB": 2, "IDP": 1, "OUY": 2, "XDR": 1, "CJO": 1, "NUY": 3, "ZAC": 4, "LOL": 1, "VOM": 2, "HUA": 1, "XFU": 1, "NUJ": 3, "ROX": 1, "XYS": 1, "UOL": 1, "OEL": 6, "OCP": 1, "CPU": 1, "ZVU": 3, "VUJ": 4, "OHM": 2, "RIU": 1, "XBR": 2, "ZAP": 2, "OHJ": 2, "MEX": 1, "JOB": 1, "ZEQ": 1, "ABH": 1, "BHO": 1, "IJI": 2, "JIG": 1, "UOH": 1, "OHP": 1, "HEH": 1, "OHS": 3, "HSE": 2, "YRQ": 1, "OHN": 1, "GTF": 1, "JOC": 1, "CSF": 1, "MST": 1, "CSM": 2, "IMS": 1, "MSS": 1, "OHR": 2, "VAV": 2, "TCJ": 1, "TJI": 1, "JIR": 2, "OCM": 1, "CMY": 1, "EEY": 1, "MMM": 1, "VUF": 1, "NML": 1, "LIJ": 1, "JUD": 5, "PAD": 3, "HJA": 1, "IDR": 2, "OLM": 1, "COF": 3, "EHM": 1, "FAG": 1, "YSN": 2, "CBR": 1, "SNH": 1, "UMM": 4, "HSU": 1, "FPR": 1, "HDA": 1, "HIP": 1, "XOH": 2, "ULV": 1, "GCE": 2, "ZMC": 1, "YRU": 1, "NYI": 1, "YIL": 3, "RGC": 1, "UDB": 1, "DBL": 1, "ZAA": 2, "VAJ": 1, "NGQ": 1, "TPS": 1, "SHP": 1, "DMU": 1, "LFT": 4, "FTM": 1, "RYQ": 4, "YQU": 5, "IJY": 1, "JYC": 1, "OCV": 1, "QSI": 1, "OLH": 1, "AAA": 3, "GCO": 1, "UDY": 1, "FIM": 1, "ZAT": 2, "DHY": 1, "HYD": 2, "YDR": 2, "IGH": 1, "GHI": 1, "LUF": 1, "XEG": 1, "XID": 3, "OMQ": 1, "IYE": 2, "JEE": 1, "QUH": 1, "UHI": 1, "OMR": 3, "MRE": 3, "NYT": 2, "YTO": 2, "NYS": 2, "NUV": 1, "DTU": 1, "EHY": 2, "MTR": 1, "DVA": 1, "MSA": 1, "SST": 3, "LGO": 1, "IEY": 1, "OIO": 3, "EMT": 1, "YSR": 1, "HAJ": 4, "YSP": 1, "FDA": 2, "IFV": 1, "FVE": 1, "VRT": 1, "FOY": 1, "OMF": 1, "HMI": 1, "FTI": 1, "DYE": 1, "FTJ": 1, "FTN": 1, "SVM": 1, "VME": 1, "XRU": 1, "JYE": 2, "LMS": 1, "GSI": 1, "GSM": 1, "XOF": 1, "ZRU": 1, "XAJ": 1, "SJI": 1, "MYF": 2, "GTH": 1, "RYU": 1, "TCT": 1, "YFO": 2, "FEB": 2, "ZRI": 1, "PTG": 1, "ZAG": 1, "NCY": 1, "CYV": 1, "ZAD": 1, "OYQ": 1, "ZYV": 1, "ZYU": 1, "TUU": 1, "LSR": 3, "DSB": 1, "NQD": 1, "QDE": 1, "OYL": 1, "UOS": 1, "FSL": 1, "CTV": 1, "GSL": 2, "GSB": 1, "DTP": 1, "TTB": 1, "TTC": 2, "YAJ": 1, "AHT": 1, "HTI": 1, "ZEH": 1, "NZI": 1, "XYA": 1, "RYJ": 1, "IFM": 1, "FMO": 1, "RYP": 1, "ZVA": 1, "TTJ": 1, "AEG": 1, "RMB": 1, "YAH": 1, "RYI": 2, "SXI": 1, "NGM": 3, "GMA": 2, "TCV": 1, "UOP": 1, "ZJU": 1, "TCP": 1, "GMO": 1, "PFI": 1, "BAQ": 2, "BUC": 2, "VAB": 1, "LYJ": 1, "RYV": 1, "YVE": 1, "INY": 1, "BID": 1, "BIU": 1, "AEB": 1, "LMB": 1, "GTP": 1, "PUF": 1, "TFP": 1, "FPQ": 1, "FIP": 1, "SUQ": 1, "CEY": 1, "PSH": 1, "ZJO": 1, "VAY": 1, "AYF": 1, "ROH": 1, "YNA": 1, "EFP": 1, "FPO": 1, "MBD": 1, "BDE": 1, "CTJ": 1, "NAZ": 1, "GCR": 1, "RHI": 1, "HOG": 1, "XHI": 1, "HIB": 1, "ZTU": 2, "BOJ": 1, "CFI": 1, "GOS": 1, "LJY": 1, "NIH": 1, "ZLI": 1, "PAQ": 1}
