{"CH": 2738, "HA": 1416, "AP": 1952, "PI": 579, "IT": 8619, "TR": 3359, "RE": 10483, "EI": 2053, "IC": 859, "CO": 2963, "OM": 2319, "MM": 1784, "ME": 5329, "EN": 10013, "NC": 1991, "CE": 5073, "EM": 4925, "NT": 7697, "TD": 2555, "DU": 1393, "UR": 5184, "EP": 3611, "PO": 2136, "OS": 889, "SC": 1687, "II": 188, "TJ": 345, "JE": 1425, "EA": 3134, "AN": 6317, "NP": 663, "PE": 2283, "EU": 4953, "UT": 2927, "DE": 9298, "EV": 2656, "VE": 3219, "NI": 976, "IR": 2559, "RC": 823, "AM": 1755, "MP": 927, "PL": 1242, "LI": 1703, "IV": 761, "VR": 522, "ES": 13088, "SE": 6754, "PT": 216, "TI": 3405, "IE": 5318, "EL": 6939, "LA": 6878, "AF": 664, "FF": 521, "FA": 1907, "AI": 9563, "EC": 4787, "PM": 49, "MA": 3030, "AT": 2309, "TH": 463, "HI": 353, "UC": 760, "IL": 5566, "AS": 2735, "SO": 3046, "OE": 254, "RS": 1645, "SI": 2757, "IM": 813, "IP": 349, "ER": 7168, "SP": 1703, "CA": 897, "AC": 1901, "CI": 850, "TE": 8053, "ED": 4193, "AU": 3093, "UF": 287, "FL": 222, "IU": 72, "UN": 3501, "NE": 6204, "ET": 8986, "OU": 7349, "US": 3233, "SU": 1719, "CR": 682, "RA": 3679, "VF": 2, "FO": 773, "OR": 1971, "RM": 845, "SQ": 1111, "QU": 6533, "UE": 4366, "PR": 2009, "ND": 2829, "DL": 76, "FR": 533, "DA": 2372, "TL": 2172, "LE": 11101, "LC": 171, "VB": 2, "BA": 666, "TO": 2191, "ON": 7139, "NS": 4199, "SD": 2441, "SL": 2075, "SR": 444, "RO": 2172, "VI": 1463, "MI": 1154, "IS": 4783, "AL": 2786, "UV": 1002, "VO": 2276, "OY": 373, "YA": 696, "AG": 922, "GE": 1545, "AR": 3701, "RR": 1019, "RI": 2861, "DS": 174, "IO": 1157, "PA": 3194, "RT": 1768, "EE": 3590, "EF": 1624, "AV": 3165, "IX": 327, "XU": 21, "NL": 446, "UO": 388, "UD": 725, "NV": 754, "CT": 477, "SS": 3143, "IN": 4030, "EX": 312, "XL": 77, "SY": 171, "YS": 199, "ST": 2825, "EG": 848, "GA": 620, "XI": 125, "LU": 1722, "NN": 1282, "EH": 390, "HU": 216, "UI": 4254, "UP": 804, "PC": 14, "ID": 924, "LM": 149, "OI": 2872, "AD": 1295, "RD": 1704, "HE": 1750, "UX": 1377, "XC": 158, "IF": 353, "IJ": 129, "JA": 643, "TC": 1354, "VL": 5, "DR": 521, "TS": 1958, "VT": 11, "MB": 694, "BE": 633, "NA": 2233, "AB": 1019, "BL": 1139, "RU": 787, "NJ": 184, "JU": 252, "MO": 1888, "MY": 138, "YR": 80, "NM": 447, "MC": 15, "RL": 1531, "SF": 546, "NO": 1275, "SB": 388, "BI": 595, "NU": 589, "UM": 587, "TA": 4663, "EQ": 2060, "DI": 2347, "IG": 766, "GN": 612, "TU": 1385, "LL": 3147, "DD": 88, "XA": 172, "NZ": 38, "ZE": 132, "LO": 1309, "OC": 440, "CC": 330, "CU": 616, "PU": 544, "IQ": 393, "LN": 384, "DM": 76, "SA": 4211, "TP": 1572, "FU": 312, "BR": 786, "OP": 231, "IA": 749, "VA": 2475, "SH": 219, "HO": 1037, "RV": 351, "LS": 759, "TM": 582, "TF": 458, "FI": 767, "XN": 47, "OB": 223, "EO": 579, "RH": 24, "RG": 347, "TB": 317, "BO": 806, "XH": 64, "NG": 756, "GT": 112, "EZ": 822, "ZR": 16, "SM": 787, "BS": 121, "NB": 218, "PF": 5, "NF": 714, "ZP": 74, "TG": 159, "GR": 575, "XS": 100, "LT": 173, "DO": 954, "XG": 39, "OL": 858, "AQ": 319, "LD": 310, "SJ": 331, "JO": 541, "AE": 306, "FE": 728, "EY": 33, "YM": 20, "TT": 1813, "PS": 247, "SN": 397, "UL": 955, "GI": 210, "CL": 435, "AY": 299, "SV": 481, "SG": 261, "UB": 455, "XE": 221, "IB": 329, "TQ": 1046, "LQ": 409, "PP": 477, "LH": 388, "PH": 153, "EB": 867, "LR": 180, "EJ": 899, "TV": 443, "OF": 144, "OQ": 72, "PQ": 5, "AA": 339, "RP": 323, "ML": 61, "LF": 270, "RQ": 368, "AJ": 246, "RN": 439, "NH": 207, "LV": 126, "ZU": 22, "DH": 102, "MD": 46, "TN": 283, "UY": 42, "LP": 250, "LY": 336, "PD": 80, "XQ": 119, "MN": 72, "OT": 460, "GU": 357, "UJ": 221, "NQ": 463, "DP": 33, "GL": 222, "XP": 187, "UU": 212, "ZD": 85, "YE": 465, "XT": 112, "HM": 24, "UG": 221, "RB": 190, "HP": 28, "HT": 33, "LB": 69, "NR": 283, "OG": 94, "BB": 20, "TY": 44, "RF": 115, "CP": 32, "OD": 103, "NY": 137, "YC": 20, "OA": 3, "ZL": 96, "RJ": 138, "ZV": 185, "XM": 95, "UA": 888, "YO": 74, "YP": 37, "YF": 17, "XD": 160, "YT": 17, "ZM": 59, "LJ": 243, "QO": 5, "QC": 12, "CS": 152, "BY": 9, "AZ": 20, "ZA": 57, "MU": 177, "XV": 62, "DV": 22, "LG": 37, "VU": 123, "GO": 149, "FS": 24, "OH": 43, "MT": 20, "UQ": 127, "BU": 126, "DG": 7, "CD": 86, "YD": 18, "MS": 24, "QS": 5, "DQ": 40, "DC": 55, "ZQ": 13, "HR": 24, "XO": 63, "ZC": 49, "XF": 82, "HB": 41, "AX": 3, "UZ": 27, "DT": 25, "CQ": 35, "CJ": 8, "MG": 4, "DN": 35, "XR": 44, "IZ": 30, "DJ": 35, "OV": 38, "ZH": 7, "HD": 7, "HY": 30, "IY": 8, "AO": 80, "GM": 17, "BM": 17, "ZI": 20, "XY": 16, "IH": 24, "FT": 12, "ZG": 7, "ZF": 9, "VQ": 1, "AH": 159, "CM": 20, "NK": 4, "KE": 4, "NW": 1, "WA": 8, "HV": 12, "FH": 2, "CV": 28, "XB": 54, "UH": 33, "EK": 2, "KI": 2, "CY": 6, "YG": 5, "BJ": 18, "QA": 16, "RY": 48, "CB": 10, "GD": 17, "FM": 4, "FQ": 5, "YL": 25, "MV": 4, "DB": 14, "JY": 8, "FC": 6, "ZS": 22, "ZO": 24, "ZB": 25, "PY": 3, "HL": 29, "ZJ": 18, "CN": 5, "DY": 6, "HQ": 7, "ZN": 15, "QE": 1, "QB": 1, "GC": 7, "GS": 19, "OJ": 5, "ZT": 18, "SX": 19, "YV": 10, "VM": 4, "VP": 1, "JI": 5, "GV": 2, "QM": 5, "LX": 1, "PB": 8, "GH": 2, "YN": 13, "RW": 1, "OO": 6, "TZ": 11, "CF": 6, "BN": 3, "KY": 2, "MQ": 3, "OX": 4, "VC": 3, "NX": 6, "SW": 3, "WE": 2, "FD": 14, "PV": 9, "GQ": 2, "QL": 11, "DF": 13, "OZ": 2, "XJ": 33, "YJ": 5, "YB": 2, "MJ": 3, "PN": 2, "ZY": 4, "VD": 2, "RZ": 3, "YI": 5, "FP": 5, "GG": 4, "PJ": 5, "FY": 1, "HC": 9, "QF": 4, "VN": 4, "HS": 4, "GP": 1, "SK": 3, "KA": 4, "CK": 1, "KS": 1, "GY": 4, "DX": 1, "IK": 1, "BD": 4, "MH": 1, "BV": 1, "MF": 5, "MR": 4, "EW": 5, "YU": 3, "GF": 1, "SZ": 2, "ZZ": 2, "QH": 8, "AK": 2, "HN": 2, "HJ": 6, "CZ": 2, "HF": 1, "YH": 1, "FJ": 2, "BT": 1, "VV": 1, "YX": 1, "QT": 1, "FN": 1, "FG": 1, "BH": 1, "YQ": 5, "FV": 1, "QD": 1}